Forecast_Date,R2_7,R2_14,R2_21,fcast7_lwr,fcast7_mean,fcast7_upr,fcast14_lwr,fcast14_mean,fcast14_upr,fcast21_lwr,fcast21_mean,fcast21_upr,target_date7,case7,target_date14,case14,target_date21,case21
2020-05-01,0.479174212906723,-0.0536308812540773,-0.0346752507660868,246.866014451437,322.09219555731,397.318376663183,172.118312181226,325.511662733484,478.905013285743,270.383953093936,363.893411485374,457.402869876813,2020-05-08,368,2020-05-15,310,2020-05-22,311
2020-05-08,0.366124030145299,0.0103293630713243,0.0205414875028809,297.926816555606,365.763271057137,433.599725558669,289.370789379802,370.905839136656,452.440888893511,287.755739850086,367.170159421533,446.58457899298,2020-05-15,310,2020-05-22,311,2020-05-29,347
2020-05-15,0.179529214223521,0.0614356215885196,0.0730992975353815,262.210304248629,347.679861196203,433.149418143777,274.57735814447,363.286232469199,451.995106793927,267.809070334101,355.32177999155,442.834489648999,2020-05-22,311,2020-05-29,347,2020-06-05,507
2020-05-22,0.642922962146034,0.656548225214863,0.326994314239592,180.250093679523,259.716760205709,339.183426731895,233.062356626616,306.717891086496,380.373425546376,220.079111543092,322.619994040313,425.160876537534,2020-05-29,347,2020-06-05,507,2020-06-12,440
2020-05-29,0.648298263498431,0.392972971201465,0.133963897319453,,,,,,,,,,2020-06-05,507,2020-06-12,440,2020-06-19,365
2020-06-05,0.648042377371653,0.642625161705488,0.0259795646101398,,,,,,,,,,2020-06-12,440,2020-06-19,365,2020-06-26,613
2020-06-12,0.854786726509247,0.630300198625262,-0.0227766648936549,,,,,,,52.1295308832171,434.573302796345,817.017074709474,2020-06-19,365,2020-06-26,613,2020-07-03,778
2020-06-19,,0.739074797326056,0.0184460824433489,,1594.06223420207,,1001.40276431525,1508.64872476162,2015.894685208,-139.390731930196,200.06417218251,539.519076295216,2020-06-26,613,2020-07-03,778,2020-07-10,1810
2020-06-26,0.978341899852326,0.351429371323696,0.638192103389694,636.430243275634,747.490709092322,858.55117490901,-537.55128720937,990.598585164867,2518.7484575391,304.60267260704,518.019868365099,731.437064123159,2020-07-03,778,2020-07-10,1810,2020-07-17,2323
2020-07-03,0.811936716334389,0.716619995280182,0.581173239699872,778.354386723741,1002.3841610692,1226.41393541466,-1315.65246189131,-90.2276542808258,1135.19715332966,-53.6248966534876,322.601708377616,698.828313408719,2020-07-10,1810,2020-07-17,2323,2020-07-24,1876
2020-07-10,0.939154009574178,0.900963839837731,0.116372141318767,1109.4832830325,1324.28191608914,1539.08054914577,486.356435778844,971.285621138099,1456.21480649735,660.518019057911,2080.41030545918,3500.30259186045,2020-07-17,2323,2020-07-24,1876,2020-07-31,2219
2020-07-17,0.940663387649411,0.910735469792793,0.483100390220305,1299.700220982,1500.52044106368,1701.34066114536,1101.66696343432,1355.13502042773,1608.60307742113,905.84143010192,1479.17317129786,2052.5049124938,2020-07-24,1876,2020-07-31,2219,2020-08-07,1896
2020-07-24,0.926390570046447,0.915382667589195,0.66652814359688,1313.29689792213,1483.42267834736,1653.54845877259,1225.70225489742,1403.00035290241,1580.29845090739,1113.60588809936,1461.61979488632,1809.63370167328,2020-07-31,2219,2020-08-07,1896,2020-08-14,2167
2020-07-31,0.837951025009466,0.741359243196195,0.617308087496772,1543.60825179924,1676.67559111091,1809.74293042258,1473.70283074832,1643.67300659258,1813.64318243685,1310.84208862306,1504.05745671773,1697.27282481241,2020-08-07,1896,2020-08-14,2167,2020-08-21,1609
2020-08-07,0.701788463115653,0.626847337609583,0.0898720880213863,1451.2789671972,1587.25548860291,1723.23201000862,1088.46058392216,1256.68354378716,1424.90650365217,1465.287900407,1699.62223365288,1933.95656689877,2020-08-14,2167,2020-08-21,1609,2020-08-28,1572
2020-08-14,0.0984445753755844,0.0873980141245509,0.00670876763714623,1468.84352424174,1632.39215990175,1795.94079556177,1459.16538942271,1624.4734463838,1789.78150334488,1515.16852503014,1669.86426165014,1824.55999827013,2020-08-21,1609,2020-08-28,1572,2020-09-04,997
2020-08-21,0.393470831553656,0.408715624948492,0.231910813137547,1111.93105740081,1397.18155146792,1682.43204553502,1589.323314478,1886.29512329343,2183.26693210887,1487.31866157081,1813.28307270835,2139.24748384588,2020-08-28,1572,2020-09-04,997,2020-09-11,701
2020-08-28,0.823084126405539,0.377524454726513,0.332712978997048,968.845594588269,1193.25196485604,1417.65833512382,1209.43352407102,1643.69065424666,2077.9477844223,1339.00720660325,1747.21082866145,2155.41445071965,2020-09-04,997,2020-09-11,701,2020-09-18,652
2020-09-04,0.8960681207281,0.600247617237493,0.015569076014111,771.971220325067,979.841129174031,1187.71103802299,753.259076547656,1152.95321778782,1552.64735902799,615.226219649293,1228.8582723388,1842.4903250283,2020-09-11,701,2020-09-18,652,2020-09-25,784
2020-09-11,0.947918312149433,0.7903693649647,0.66591500299164,513.986091587241,651.128782126796,788.271472666351,835.014083768967,1092.33291045998,1349.65173715099,867.886346102967,1181.4952798056,1495.10421350824,2020-09-18,652,2020-09-25,784,2020-10-02,778
2020-09-18,0.965763364851653,0.9179920358897,0.669645313082593,627.04219009259,721.789444176042,816.536698259495,1007.41283960445,1141.54229252858,1275.67174545271,526.002269097929,787.778040357439,1049.55381161695,2020-09-25,784,2020-10-02,778,2020-10-09,561
2020-09-25,0.606358899375142,0.463001584119332,0.0523296251740203,574.741642873015,748.634762939281,922.527883005547,725.674619524931,927.682437990801,1129.69025645667,551.09938788402,817.57017361714,1084.04095935026,2020-10-02,778,2020-10-09,561,2020-10-16,884
2020-10-02,0.40541083304389,0.427924727459715,0.180709210100169,515.912039489965,619.589322347174,723.266605204383,555.576709402545,660.944276412389,766.311843422234,596.047080187878,715.070165863742,834.093251539605,2020-10-09,561,2020-10-16,884,2020-10-23,920
2020-10-09,0.811623910050752,0.782083792424296,0.0214098713689544,559.953583802318,603.376039232631,646.798494662944,570.588346508545,616.877277673144,663.166208837744,518.133345766224,613.097063946263,708.060782126303,2020-10-16,884,2020-10-23,920,2020-10-30,1284
2020-10-16,0.808851631346685,0.608779553660034,0.0809957051910244,682.834527681239,740.396963562931,797.959399444623,672.265199742655,755.890419584563,839.515639426471,510.287341713819,625.336493724406,740.385645734994,2020-10-23,920,2020-10-30,1284,,737
2020-10-23,0.927231776911099,0.776383767239598,0.353256279931314,694.639729076789,740.221114852494,785.802500628198,533.694956156598,609.397877724143,685.100799291687,526.093457430685,649.663810253832,773.234163076978,2020-10-30,1284,2020-11-07,737,,800
2020-10-30,0.872217598040682,0.516805239961232,0.039204520199759,683.589492279887,746.917138488659,810.244784697431,616.306900160849,730.383226384076,844.459552607303,561.45299661615,722.429247086563,883.405497556977,2020-11-07,737,2020-11-14,800,,1678
2020-11-06,0.616645546505989,-0.0208326803061962,-0.00276495141252386,1519.15997000486,2623.76105618269,3728.36214236053,-1607.55673665429,587.304278394271,2782.16529344284,-1189.5366625629,610.765160429152,2411.0669834212,2020-11-13,1526,2020-11-20,1365,2020-11-27,1913
2020-11-13,0.690711598364861,-0.0475754337746288,-0.0392175935715193,130.927461847615,1428.47108894634,2726.01471604506,-1188.52776729449,1831.57909040977,4851.68594811404,-1040.99506954551,1316.33916648951,3673.67340252454,2020-11-20,1365,2020-11-27,1913,2020-12-04,1711
2020-11-20,0.709757897428663,-0.0389079322809258,-0.00795787402730452,282.225591323467,1447.4314611965,2612.63733106954,-164.85379597205,2009.8747293882,4184.60325474845,-489.694388521707,1451.58490041989,3392.86418936148,2020-11-27,1913,2020-12-04,1711,2020-12-11,3656
2020-11-27,0.66297262025347,0.0935429884195,-0.0370822300194624,1058.4245499969,2065.51368824116,3072.60282648543,599.788468208128,2245.04693637865,3890.30540454917,146.763480830841,1850.1400366965,3553.51659256216,2020-12-04,1711,2020-12-11,3656,2020-12-18,3201
2020-12-04,0.253643754721411,0.0330564614062736,-0.0296085005644982,326.116856793166,1474.60688724706,2623.09691770095,916.161746995932,2119.45128834312,3322.7408296903,715.360317708715,1940.17932038729,3164.99832306586,2020-12-11,3656,2020-12-18,3201,2020-12-25,4085
2020-12-11,0.740460723530906,0.418923363758758,0.383009621272526,1754.36629625775,2288.88275966501,2823.39922307226,1540.08957420865,2339.49169013808,3138.89380606752,1432.58361069886,2245.68152797768,3058.7794452565,2020-12-18,3201,2020-12-25,4085,2021-01-01,3346
2020-12-18,0.764222399352671,0.632536695089069,0.434080883785538,2612.70807959402,3276.07857810703,3939.44907662005,1940.96930567087,2727.04784468883,3513.1263837068,1654.16639486223,2625.43600988813,3596.70562491403,2020-12-25,4085,2021-01-01,3346,2021-01-08,6254
2020-12-25,0.817457603269494,0.823007182174549,0.294459144155921,2815.16745384203,3568.77002784494,4322.37260184785,-87.7363104678356,697.141818949635,1482.01994836711,2139.68302445127,3417.41474372833,4695.14646300538,2021-01-01,3346,2021-01-08,6254,2021-01-15,7647
2021-01-01,0.736886881852653,0.71138097136062,0.716308142582809,3213.28980853306,3712.9058569099,4212.52190528673,1954.81811236462,2528.59795725372,3102.37780214281,2019.00785506887,2490.46989919555,2961.93194332222,2021-01-08,6254,2021-01-15,7647,2021-01-22,5469
2021-01-08,0.855975556929662,0.765059427007916,0.0978170563741134,3977.7268157666,4423.99200174365,4870.2571877207,5075.07595886988,5733.36613444227,6391.65631001466,3391.6416502796,5269.02827551295,7146.41490074629,2021-01-15,7647,2021-01-22,5469,,4798
2021-01-15,0.935687096914885,0.927038132530693,0.656569239055517,5040.38148375589,5452.19511060292,5864.00873744995,5363.93223807784,5951.57980585584,6539.22737363384,5681.17180051158,6852.61608009656,8024.06035968154,2021-01-22,5469,2021-01-31,4798,,2012
2021-01-22,0.797778193142251,0.779565295387136,0.157022675320717,4370.07568417876,5009.86163203634,5649.64757989391,4805.70972749364,5469.79195499052,6133.8741824874,3747.25627491712,5058.91175147277,6370.56722802842,2021-01-31,4798,2021-02-10,2012,,1847
2021-01-29,0.0435178591909379,-0.0600973427754357,-0.0160673362330503,3681.38613341052,4611.62995951883,5541.87378562713,3387.79724537649,4457.12353374496,5526.44982211344,3610.75740383551,4551.93974138662,5493.12207893773,2021-02-08,3560,2021-02-15,1770,,1276
2021-02-07,0.842337941039711,0.843247653385383,0.675134622471036,2158.73060643502,2908.4247768999,3658.11894736477,4461.17803113112,5233.83133409459,6006.48463705806,5010.20209474325,6011.25266078023,7012.30322681721,2021-02-14,2325,2021-02-21,1239,,1104
2021-02-12,0.948302315004111,0.407443779489168,0.435255371275787,1955.16842845088,2461.47020809906,2967.77198774724,2931.59472060726,5105.55332832412,7279.51193604098,4231.50633800119,6091.19852239764,7950.89070679408,2021-02-19,2411,2021-02-26,2138,,2247
2021-02-19,0.95002816533912,0.901912631807772,-0.0423699939269175,1625.33024165027,2109.08673145434,2592.84322125841,2709.69187507637,3459.87821051839,4210.0645459604,880.798041361868,2924.88831409132,4968.97858682077,2021-02-26,2138,2021-03-10,2247,,1118
2021-02-26,0.952135382627944,0.832590488883868,0.419702339771017,1486.37542855617,1807.70460035021,2129.03377214424,1451.87407202948,1993.26115200278,2534.64823197608,867.987396906032,1885.29969372924,2902.61199055245,2021-03-10,2247,2021-03-17,1118,,1367
2021-03-07,0.975841692727761,0.959987405649225,,1835.84390882759,1943.58575276976,2051.32759671193,1740.01871328195,1875.9556202094,2011.89252713684,,,,2021-03-14,1264,,577,,
2021-03-12,0.738218332310038,-0.0806797841238613,,692.508655904213,1010.80626021782,1329.10386453143,1202.02423773107,1761.13051388226,2320.23679003344,,,,2021-03-28,977,,599,,
2021-03-27,0.96395295215966,0.577229394707677,,678.003087641031,871.636877846098,1065.27066805116,752.270181861658,1661.29670448285,2570.32322710404,,,,2021-04-03,1032,,863,,
2021-03-27,0.962270606360014,0.880944824304604,0.382938822926931,604.680843951575,875.270846853664,1145.86084975575,3883.60442502816,5123.46035080702,6363.31627658588,-934.997818377559,145.611470591073,1226.2207595597,2021-04-03,1032,2021-04-13,863,,1217
2021-04-02,0.943689438545337,-0.0358669235551414,0.00828382727743715,826.680262026557,963.856353727554,1101.03244542855,-148.606542069774,1118.1686535064,2384.94384908257,570.768376310405,1528.05308425936,2485.33779220831,2021-04-09,1015,2021-04-19,961,,613
2021-04-09,0.496919119024938,0.517076748434034,0.467171142925799,728.677908600435,850.784209340226,972.890510080017,696.04096960595,854.42900729749,1012.81704498903,851.054488064071,958.883285442347,1066.71208282062,2021-04-19,961,2021-04-26,613,,502
2021-04-16,0.725543021234693,0.730450446990115,0.000150340890536116,940.68126990925,1037.70346971811,1134.72566952696,1067.19956703672,1175.78291553074,1284.36626402476,811.805808802947,962.524784309406,1113.24375981587,2021-04-23,1083,2021-04-30,1224,2021-05-07,880
2021-04-23,0.221020493462864,-0.00621767382296712,-0.0171231061561026,844.639523982463,974.237720590805,1103.83591719915,814.99414011639,960.122202530038,1105.25026494369,801.944580250289,943.198988007006,1084.45339576372,2021-04-30,1224,2021-05-07,880,2021-05-14,757
2021-04-30,0.508065247395999,0.528128157877882,0.525731624985128,717.837132822689,829.861145464919,941.885158107149,773.582621959636,876.902887091256,980.223152222877,722.161969399201,826.334846390209,930.507723381216,2021-05-07,880,2021-05-14,757,2021-05-21,544
2021-05-07,0.836150689174999,0.733180889183305,0.571483448303377,698.915406237713,780.636761286397,862.358116335082,636.213918584435,738.30666778878,840.399416993126,643.991181047587,769.902161014369,895.813140981152,2021-05-14,757,2021-05-21,544,2021-05-28,378
2021-05-14,0.937313126029777,0.769086148686807,0.253492991553226,434.264516636887,512.381209999392,590.497903361897,317.865323765319,472.819281011098,627.773238256877,397.663603195076,660.777382232885,923.891161270694,2021-05-21,544,2021-05-28,378,2021-06-04,292
2021-05-21,0.960854613531656,0.867852813511466,0.189927578232076,333.981327191406,406.165433658827,478.349540126249,169.445037368219,307.547819842741,445.650602317263,149.660261877555,488.638494819142,827.616727760728,2021-05-28,378,2021-06-04,292,2021-06-11,284
2021-05-28,0.983762416318471,0.982997359837151,0.647642149458888,253.089792018381,302.845466419282,352.601140820183,236.125036119683,287.793471348896,339.461906578109,81.1417623053383,312.743803770778,544.345845236217,2021-06-04,292,2021-06-11,284,2021-06-18,224
2021-06-04,0.969399879495675,0.951358816236189,0.868715895708542,168.699766188693,222.93845505127,277.177143913847,282.679221364916,347.519984089005,412.360746813094,259.266326314651,361.077791148323,462.889255981994,2021-06-11,284,2021-06-18,224,2021-06-25,218
2021-06-11,0.870498045810312,0.792108538101015,0.69290653673375,142.057071185869,224.783463704445,307.509856223021,148.412130721291,256.294719165467,364.177307609644,-37.1824521110926,89.3126411443717,215.807734399836,2021-06-18,224,2021-06-25,218,2021-07-02,149
2021-06-18,0.736619600960966,0.396271807307779,0.317794245510395,126.546179088292,197.991578816957,269.436978545623,-72.5830689555629,63.885813948194,200.354696851951,35.6011004493326,150.559021165512,265.516941881691,2021-06-25,218,2021-07-02,149,2021-07-09,195
2021-06-25,0.455064614420843,0.338044641181566,-0.0355565226802959,122.740995288845,177.006065036199,231.271134783553,107.237278413644,168.645657473268,230.054036532891,135.148824901865,214.671036020807,294.193247139749,2021-07-02,149,2021-07-09,195,2021-07-16,411
2021-07-02,0.703802660475483,0.642087019823411,0.106627742443806,164.568971835674,181.263061733817,197.957151631961,168.790219359509,187.502556822585,206.214894285661,158.263669325622,185.919487093535,213.575304861447,2021-07-09,195,2021-07-16,411,2021-07-23,503
2021-07-09,0.175813333159563,0.197948407820209,-0.00972910316168929,154.256527268684,207.427633709709,260.598740150734,140.317724080133,190.190859331774,240.063994583415,135.77041634933,192.062212955549,248.354009561768,2021-07-16,411,2021-07-23,503,2021-07-30,1235
2021-07-16,0.275812780683494,0.302769996033408,0.145797628897191,51.1947753414713,222.068839259386,392.9429031773,42.0976943708702,209.796755609146,377.495816847422,79.5746974867215,263.380106246375,447.185515006028,2021-07-23,503,2021-07-30,1235,2021-08-06,1466
2021-07-23,0.556085945835636,-0.0179729785340736,2.70797853370031e-05,453.278482997177,777.303635636909,1101.32878827664,-263.783158628667,221.582458750913,706.948076130494,-166.048571952907,269.692679343807,705.43393064052,2021-07-30,1235,2021-08-06,1466,2021-08-13,2706
2021-07-30,0.395277442157285,0.30410030767634,-0.0142986458938872,-127.850455247899,621.662974731375,1371.17640471065,-1224.53859060963,-316.99661890943,590.545352790767,-784.548325672504,306.589698219088,1397.72772211068,2021-08-06,1466,2021-08-13,2706,2021-08-20,3169
2021-08-06,0.800064551990022,0.227654437237687,0.175856128092393,774.88102168175,1395.97599768029,2017.07097367883,-6275.37814025051,-2779.85670930234,715.664721645831,-7174.3361605713,-3502.5760364871,169.184087597106,2021-08-13,2706,2021-08-20,3169,2021-08-27,3785
2021-08-13,0.895682850669602,0.791410592807395,-0.00341771766847332,1581.34679445364,2159.76708788979,2738.18738132593,-3618.06165082712,-1798.70909515972,20.6434605076831,-1903.09128125563,536.830072581071,2976.75142641778,2021-08-20,3169,2021-08-27,3785,2021-09-03,4274
2021-08-20,0.956798181753329,0.850731324631169,0.603494273233856,2803.6429954016,3155.50285302418,3507.36271064677,2311.35477650291,2935.83038202953,3560.30598755615,2046.20816994389,3085.08728258361,4123.96639522333,2021-08-27,3785,2021-09-03,4274,2021-09-10,5439
2021-08-27,0.896299023122123,0.839657734946518,0.650374308717049,2663.8259661063,3155.89420319605,3647.96244028579,2789.49683576469,3408.59611200221,4027.69538823974,2321.4367347009,3225.23848606667,4129.04023743245,2021-09-03,4274,2021-09-10,5439,2021-09-17,3762
2021-09-03,0.715012029935311,0.700257884599507,0.578041635985906,2791.02676301733,3452.88143682611,4114.73611063489,2556.53577611832,3217.92002444569,3879.30427277306,2404.72857676588,3173.56997954821,3942.41138233055,2021-09-10,5439,2021-09-17,3762,2021-09-24,2804
2021-09-10,0.251925253519966,0.277763442688539,-0.0147232684866558,2297.29974035966,3081.85040526703,3866.40107017439,2069.43067253852,2833.41700949189,3597.40334644527,2506.32726196913,3335.11099856971,4163.8947351703,2021-09-17,3762,2021-09-24,2804,2021-10-01,2145
2021-09-17,0.232052705929133,0.257771186521311,-0.0183257708326774,2246.49614869902,3021.14060642737,3795.78506415573,835.781217232756,1979.48374670688,3123.186276181,2152.96127046935,3218.36025126936,4283.75923206937,2021-09-24,2804,2021-10-01,2145,2021-10-08,1639
2021-09-24,0.583496931900381,0.582013718754323,0.0584975287519946,1625.42552270895,2423.51917214528,3221.61282158162,969.536224463829,2028.2480644856,3086.95990450737,1324.85881577333,2638.24801270528,3951.63720963723,2021-10-01,2145,2021-10-08,1639,2021-10-15,1852
2021-10-01,0.706304224038306,0.715332401246694,0.517467441079949,1145.88425150354,1957.43154526972,2768.97883903591,1489.22775988212,2245.23949591528,3001.25123194844,1266.31292652604,2249.0523293701,3231.79173221416,2021-10-08,1639,2021-10-15,1852,2021-10-22,1005
2021-10-08,0.82401542171804,0.748615550851762,0.585911810579245,1229.41487832515,1847.36176956614,2465.30866080713,1104.83443573955,1836.67962343931,2568.52481113907,790.158795254226,1732.02431599175,2673.88983672927,2021-10-15,1852,2021-10-22,1005,2021-10-29,863
2021-10-15,0.914206164466492,0.482795631728431,0.442673396597309,726.692100256033,1086.00007701549,1445.30805377494,371.689934932235,1261.07240570928,2150.45487648632,539.033057221784,1417.37640283952,2295.71974845725,2021-10-22,1005,2021-10-29,863,2021-11-05,655
2021-10-22,0.880869627615086,0.332033126713273,0.0377389187468001,354.83460556565,735.270463411672,1115.70632125769,29.2929087154528,934.765962987401,1840.23901725935,287.014247148869,1328.73476948731,2370.45529182575,2021-10-29,863,2021-11-05,655,2021-11-12,595
2021-10-29,0.89367999416736,0.855718449607081,0.209711904770104,404.477163111411,710.876141070779,1017.27511903015,467.407971779482,818.083958461103,1168.75994514272,171.128009892872,985.990789369596,1800.85356884632,2021-11-05,655,2021-11-12,595,2021-11-19,1558
2021-11-05,0.804225974865331,0.781960144357196,0.744450526897985,235.578434165454,579.987525693066,924.396617220677,758.808366697484,1533.67932712943,2308.55028756138,1302.03760081624,1685.44641580871,2068.85523080119,2021-11-12,595,2021-11-19,1558,2021-11-26,945
2021-11-12,0.709962911067227,0.608431138777827,0.405450755802701,247.708808002855,480.792465890229,713.876123777602,1165.49768103104,1604.28311840052,2043.06855577001,394.68208155404,680.036950910019,965.391820265998,2021-11-19,1558,2021-11-26,945,2021-12-03,0
2021-11-19,0.549919567276433,0.320757702000041,0.00564574111187088,603.961975426835,762.698848678716,921.435721930598,495.059700259701,663.233782401977,831.407864544253,432.158400999477,633.818752606417,835.479104213357,2021-11-26,945,2021-12-03,0,2021-12-10,804
2021-11-26,0.246660725500731,0.263629722301378,0.19921222235169,436.393124155197,630.230698747744,824.06827334029,436.707952467749,618.987914478748,801.267876489747,397.657938610602,584.922525965454,772.187113320306,2021-12-03,0,2021-12-10,804,2021-12-17,1275
2021-12-03,0.225255385263237,0.238638656359953,0.26589043752616,350.480269464106,578.370136817997,806.260004171889,330.535530651435,556.469680741204,782.403830830973,302.471288432658,520.126751187946,737.782213943234,2021-12-10,804,2021-12-17,1275,2021-12-24,1987
2021-12-10,0.155866578142493,-0.0269542691283227,-0.0276205342860405,603.930672624529,941.492129766591,1279.05358690865,220.599020111025,599.571283540712,978.543546970399,314.568675363581,650.73791665604,986.9071579485,2021-12-17,1275,2021-12-24,1987,2021-12-31,7467
2021-12-17,0.616442638898245,0.408788583032323,0.111953497707452,855.761961765964,1196.37899129061,1536.99602081527,444.271822233296,916.537073638309,1388.80232504332,82.94536583469,558.999663384037,1035.05396093338,2021-12-24,1987,2021-12-31,7467,2022-01-07,15081
2021-12-24,0.928578173468113,0.90294465451458,0.771193565601513,3804.44327917726,4517.69359923909,5230.94391930092,2978.79190844423,3748.52720568939,4518.26250293456,2536.8790833294,3695.39738892785,4853.9156945263,2021-12-31,7467,2022-01-07,15081,2022-01-14,0
2021-12-31,0.821691768590748,0.7343666677278,0.739567193333049,4011.05129103626,6847.93543398171,9684.81957692716,1650.84117527379,5447.75153181083,9244.66188834788,7800.74606862906,11529.2621901899,15257.7783117508,2022-01-07,15081,2022-01-14,0,2022-01-21,9662
2022-01-07,0.907709011035173,0.510382941999161,0.219173384596263,8332.26335743969,11097.3281259906,13862.3928945415,8245.98924542047,15463.8515435051,22681.7138415898,1584.22003682302,9607.12536698653,17630.03069715,2022-01-14,0,2022-01-21,9662,2022-01-28,8066
2022-01-14,0.785995541189757,0.374881878775175,0.241709941878136,6573.87420302035,10680.218376811,14786.5625506017,2182.44158141689,8846.50781713766,15510.5740528584,609.256951404383,7763.45083619897,14917.6447209936,2022-01-21,9662,2022-01-28,8066,2022-02-04,10203
2022-01-21,0.416960347638244,0.220657633838894,-0.0177965572010468,673.690705875504,5622.50111655108,10571.3115272267,1025.62749498305,6508.59591075637,11991.5643265297,2591.81935917283,8774.93515212495,14958.0509450771,2022-01-28,8066,2022-02-04,10203,2022-02-11,3905
2022-01-28,0.463611296148705,0.194611228676179,-0.0014906785321136,4373.08513650039,8569.40892609302,12765.7327156856,3226.01700316575,8247.92992360718,13269.8428440486,4154.76444909709,9423.80552823895,14692.8466073808,2022-02-04,10203,2022-02-11,3905,2022-02-18,2016
2022-02-04,0.74318549692433,0.494841472172456,0.497939242879778,-196.249841529728,3207.71544787487,6611.68073727946,3677.3842684827,7932.02116443263,12186.6580603826,2910.69572160282,7171.97139209613,11433.2470625894,2022-02-11,3905,2022-02-18,2016,2022-02-25,1677
2022-02-11,0.881282746992219,0.596444296866261,0.463736727118497,1841.22908069995,4078.34311088135,6315.45714106275,3981.70609301781,8159.76056434924,12337.8150356807,-1282.49541623939,3396.84355476024,8076.18252575988,2022-02-18,2016,2022-02-25,1677,2022-03-04,654
2022-02-18,0.888586412097501,0.0657690559019797,-0.0372686154756268,-2772.95310911168,-555.456296601471,1662.04051590874,747.193531536876,7221.04226896276,13694.8910063887,-1648.32815265222,4435.2638444894,10518.855841631,2022-02-25,1677,2022-03-04,654,2022-03-11,537
