Date,MSA_Code,MSA_Title,Cases,Deaths,Daily_Cases,Daily_Deaths,Daily_Cases7,Daily_Deaths7,mean_health,mean_illness,City
2020-01-25,C3806,"Phoenix-Mesa-Scottsdale, AZ MSA",0,0,0,0,0.14,0,0.574904148002471,0.226772750393524,Phoenix
2020-01-26,C3806,"Phoenix-Mesa-Scottsdale, AZ MSA",1,0,1,0,0.14,0,0.566763493372256,0.248899903522475,Phoenix
2020-01-27,C3806,"Phoenix-Mesa-Scottsdale, AZ MSA",1,0,0,0,0.14,0,0.49696538734912,0.20325010267428,Phoenix
2020-01-28,C3806,"Phoenix-Mesa-Scottsdale, AZ MSA",1,0,0,0,0.14,0,0.430868016897925,0.188219483893104,Phoenix
2020-01-29,C3806,"Phoenix-Mesa-Scottsdale, AZ MSA",1,0,0,0,0.14,0,0.370788269542122,0.171850204197208,Phoenix
2020-01-30,C3806,"Phoenix-Mesa-Scottsdale, AZ MSA",1,0,0,0,0,0,0.380931555042229,0.181601423825489,Phoenix
2020-01-31,C3806,"Phoenix-Mesa-Scottsdale, AZ MSA",1,0,0,0,0,0,0.343246791217345,0.155575865979261,Phoenix
2020-02-01,C3806,"Phoenix-Mesa-Scottsdale, AZ MSA",1,0,0,0,0,0,0.294704640110326,0.135898723889548,Phoenix
2020-02-02,C3806,"Phoenix-Mesa-Scottsdale, AZ MSA",1,0,0,0,0,0,0.284059514803567,0.103126218869841,Phoenix
2020-02-03,C3806,"Phoenix-Mesa-Scottsdale, AZ MSA",1,0,0,0,0,0,0.238076612264978,0.0723381868749993,Phoenix
2020-02-04,C3806,"Phoenix-Mesa-Scottsdale, AZ MSA",1,0,0,0,0,0,0.272085435121587,0.090481863855592,Phoenix
2020-02-05,C3806,"Phoenix-Mesa-Scottsdale, AZ MSA",1,0,0,0,0,0,0.263141490159292,0.081321944588217,Phoenix
2020-02-06,C3806,"Phoenix-Mesa-Scottsdale, AZ MSA",1,0,0,0,0,0,0.28365529278179,0.0659860232631652,Phoenix
2020-02-07,C3806,"Phoenix-Mesa-Scottsdale, AZ MSA",1,0,0,0,0,0,0.312163110155464,0.0896188211421421,Phoenix
2020-02-08,C3806,"Phoenix-Mesa-Scottsdale, AZ MSA",1,0,0,0,0,0,0.334995882433515,0.0946935370819305,Phoenix
2020-02-09,C3806,"Phoenix-Mesa-Scottsdale, AZ MSA",1,0,0,0,0,0,0.362551237909038,0.117541092770873,Phoenix
2020-02-10,C3806,"Phoenix-Mesa-Scottsdale, AZ MSA",1,0,0,0,0,0,0.376525165720717,0.12192078069529,Phoenix
2020-02-11,C3806,"Phoenix-Mesa-Scottsdale, AZ MSA",1,0,0,0,0,0,0.300445031498198,0.0851114066191261,Phoenix
2020-02-12,C3806,"Phoenix-Mesa-Scottsdale, AZ MSA",1,0,0,0,0,0,0.336778637977542,0.112816677625344,Phoenix
2020-02-13,C3806,"Phoenix-Mesa-Scottsdale, AZ MSA",1,0,0,0,0,0,0.303415562781133,0.120708412433746,Phoenix
2020-02-14,C3806,"Phoenix-Mesa-Scottsdale, AZ MSA",1,0,0,0,0,0,0.308225998594561,0.110744671547645,Phoenix
2020-02-15,C3806,"Phoenix-Mesa-Scottsdale, AZ MSA",1,0,0,0,0,0,0.285401138644788,0.1062160290173,Phoenix
2020-02-16,C3806,"Phoenix-Mesa-Scottsdale, AZ MSA",1,0,0,0,0,0,0.281595201303865,0.090267697303662,Phoenix
2020-02-17,C3806,"Phoenix-Mesa-Scottsdale, AZ MSA",1,0,0,0,0,0,0.291830276976905,0.0983800431397588,Phoenix
2020-02-18,C3806,"Phoenix-Mesa-Scottsdale, AZ MSA",1,0,0,0,0,0,0.292372089438274,0.103076918380171,Phoenix
2020-02-19,C3806,"Phoenix-Mesa-Scottsdale, AZ MSA",1,0,0,0,0,0,0.320667572870629,0.0907364170648092,Phoenix
2020-02-20,C3806,"Phoenix-Mesa-Scottsdale, AZ MSA",1,0,0,0,0,0,0.403670517348083,0.156626054805427,Phoenix
2020-02-21,C3806,"Phoenix-Mesa-Scottsdale, AZ MSA",1,0,0,0,0,0,0.45615755262252,0.203222107702661,Phoenix
2020-02-22,C3806,"Phoenix-Mesa-Scottsdale, AZ MSA",1,0,0,0,0,0,0.551934976155606,0.252657838714151,Phoenix
2020-02-23,C3806,"Phoenix-Mesa-Scottsdale, AZ MSA",1,0,0,0,0,0,0.566599125877297,0.264476868234576,Phoenix
2020-02-24,C3806,"Phoenix-Mesa-Scottsdale, AZ MSA",1,0,0,0,0,0,0.555021198103039,0.260859819923951,Phoenix
2020-02-25,C3806,"Phoenix-Mesa-Scottsdale, AZ MSA",1,0,0,0,0,0,0.619589756248857,0.317448167121628,Phoenix
2020-02-26,C3806,"Phoenix-Mesa-Scottsdale, AZ MSA",1,0,0,0,0,0,0.64490521630822,0.353986236549941,Phoenix
2020-02-27,C3806,"Phoenix-Mesa-Scottsdale, AZ MSA",1,0,0,0,0,0,0.539480526995875,0.279402214772216,Phoenix
2020-02-28,C3806,"Phoenix-Mesa-Scottsdale, AZ MSA",1,0,0,0,0,0,0.514607474675061,0.247820740276563,Phoenix
2020-02-29,C3806,"Phoenix-Mesa-Scottsdale, AZ MSA",1,0,0,0,0,0,0.451336834244108,0.226112275042051,Phoenix
2020-03-01,C3806,"Phoenix-Mesa-Scottsdale, AZ MSA",1,0,0,0,0,0,0.403975392035123,0.212172173582043,Phoenix
2020-03-02,C3806,"Phoenix-Mesa-Scottsdale, AZ MSA",1,0,0,0,0,0,0.398361215450189,0.202908268115344,Phoenix
2020-03-03,C3806,"Phoenix-Mesa-Scottsdale, AZ MSA",1,0,0,0,0.14,0,0.361855376570117,0.160660737499715,Phoenix
2020-03-04,C3806,"Phoenix-Mesa-Scottsdale, AZ MSA",1,0,0,0,0.43,0,0.52315326957326,0.255248262188521,Phoenix
2020-03-05,C3806,"Phoenix-Mesa-Scottsdale, AZ MSA",1,0,0,0,0.43,0,0.58651405332338,0.299094562210878,Phoenix
2020-03-06,C3806,"Phoenix-Mesa-Scottsdale, AZ MSA",2,0,1,0,0.43,0,0.643027465284553,0.348124338404833,Phoenix
2020-03-07,C3806,"Phoenix-Mesa-Scottsdale, AZ MSA",4,0,2,0,0.57,0,0.628627602474988,0.340917697847151,Phoenix
2020-03-08,C3806,"Phoenix-Mesa-Scottsdale, AZ MSA",4,0,0,0,1,0,0.786613560146115,0.433342411000057,Phoenix
2020-03-09,C3806,"Phoenix-Mesa-Scottsdale, AZ MSA",4,0,0,0,1,0,0.877133464933394,0.489357664944563,Phoenix
2020-03-10,C3806,"Phoenix-Mesa-Scottsdale, AZ MSA",5,0,1,0,0.86,0,0.976847924924306,0.553387757908901,Phoenix
2020-03-11,C3806,"Phoenix-Mesa-Scottsdale, AZ MSA",8,0,3,0,0.71,0,0.901098839987262,0.515284871321951,Phoenix
2020-03-12,C3806,"Phoenix-Mesa-Scottsdale, AZ MSA",8,0,0,0,0.71,0,0.966251548739157,0.536726513609264,Phoenix
2020-03-13,C3806,"Phoenix-Mesa-Scottsdale, AZ MSA",8,0,0,0,1.29,0,0.993796781284389,0.547610074492824,Phoenix
2020-03-14,C3806,"Phoenix-Mesa-Scottsdale, AZ MSA",9,0,1,0,1.29,0,1.14037215377785,0.623667212495513,Phoenix
2020-03-15,C3806,"Phoenix-Mesa-Scottsdale, AZ MSA",9,0,0,0,1.57,0,1.17993258324582,0.66971464202909,Phoenix
2020-03-16,C3806,"Phoenix-Mesa-Scottsdale, AZ MSA",13,0,4,0,3.43,0,1.21909475920045,0.712561832497377,Phoenix
2020-03-17,C3806,"Phoenix-Mesa-Scottsdale, AZ MSA",14,0,1,0,5.14,0,1.24878964356979,0.714317864898926,Phoenix
2020-03-18,C3806,"Phoenix-Mesa-Scottsdale, AZ MSA",19,0,5,0,7.71,0.14,1.22590148695029,0.688558641535225,Phoenix
2020-03-19,C3806,"Phoenix-Mesa-Scottsdale, AZ MSA",32,0,13,0,12.57,0.29,1.20677243193469,0.711261163274847,Phoenix
2020-03-20,C3806,"Phoenix-Mesa-Scottsdale, AZ MSA",44,0,12,0,20.43,0.29,1.20260450951221,0.711116948973812,Phoenix
2020-03-21,C3806,"Phoenix-Mesa-Scottsdale, AZ MSA",63,1,19,1,29.57,0.29,1.14508453526342,0.677955555797537,Phoenix
2020-03-22,C3806,"Phoenix-Mesa-Scottsdale, AZ MSA",97,2,34,1,36.43,0.29,1.06749367442006,0.603945710235621,Phoenix
2020-03-23,C3806,"Phoenix-Mesa-Scottsdale, AZ MSA",156,2,59,0,43.14,0.29,1.08069314261313,0.62234217026891,Phoenix
2020-03-24,C3806,"Phoenix-Mesa-Scottsdale, AZ MSA",221,2,65,0,55.86,0.71,1.04933197028243,0.612996152935719,Phoenix
2020-03-25,C3806,"Phoenix-Mesa-Scottsdale, AZ MSA",274,2,53,0,61.71,0.57,1.00784242659684,0.578883492740991,Phoenix
2020-03-26,C3806,"Phoenix-Mesa-Scottsdale, AZ MSA",334,2,60,0,71.29,0.43,1.05024512440523,0.559624265501979,Phoenix
2020-03-27,C3806,"Phoenix-Mesa-Scottsdale, AZ MSA",435,5,101,3,85.43,0.43,1.04639882757299,0.555719653804821,Phoenix
2020-03-28,C3806,"Phoenix-Mesa-Scottsdale, AZ MSA",495,5,60,0,89.86,0.43,0.984966980950056,0.522007354851915,Phoenix
2020-03-29,C3806,"Phoenix-Mesa-Scottsdale, AZ MSA",596,5,101,0,94.57,0.43,0.930403945930159,0.493406607842467,Phoenix
2020-03-30,C3806,"Phoenix-Mesa-Scottsdale, AZ MSA",754,5,158,0,99.43,1.43,0.852623505699147,0.417983768134502,Phoenix
2020-03-31,C3806,"Phoenix-Mesa-Scottsdale, AZ MSA",850,5,96,0,98.71,1,0.804155420138563,0.374716022303354,Phoenix
2020-04-01,C3806,"Phoenix-Mesa-Scottsdale, AZ MSA",936,5,86,0,109.29,3.29,0.78387149782083,0.379224986691401,Phoenix
2020-04-02,C3806,"Phoenix-Mesa-Scottsdale, AZ MSA",1030,12,94,7,119,3.71,0.750188676854202,0.364934889179223,Phoenix
2020-04-03,C3806,"Phoenix-Mesa-Scottsdale, AZ MSA",1126,12,96,0,112.14,3.71,0.77230066342098,0.33645171869584,Phoenix
2020-04-04,C3806,"Phoenix-Mesa-Scottsdale, AZ MSA",1260,28,134,16,109.29,4.29,0.791274194133056,0.338710592895415,Phoenix
2020-04-05,C3806,"Phoenix-Mesa-Scottsdale, AZ MSA",1429,31,169,3,106.71,4.57,0.770609930730628,0.318201541280649,Phoenix
2020-04-06,C3806,"Phoenix-Mesa-Scottsdale, AZ MSA",1539,31,110,0,113.71,3.86,0.740179324804047,0.310762001254112,Phoenix
2020-04-07,C3806,"Phoenix-Mesa-Scottsdale, AZ MSA",1615,35,76,4,107.57,3.86,0.696343014315096,0.311232043072518,Phoenix
2020-04-08,C3806,"Phoenix-Mesa-Scottsdale, AZ MSA",1683,37,68,2,111,2.71,0.70787344151064,0.307307005319573,Phoenix
2020-04-09,C3806,"Phoenix-Mesa-Scottsdale, AZ MSA",1826,39,143,2,99.14,2.29,0.680612529897036,0.3012954508655,Phoenix
2020-04-10,C3806,"Phoenix-Mesa-Scottsdale, AZ MSA",1879,39,53,0,92.71,3,0.579776666011,0.273884390161131,Phoenix
2020-04-11,C3806,"Phoenix-Mesa-Scottsdale, AZ MSA",2037,47,158,8,88,2.71,0.564476933320549,0.269428598547247,Phoenix
2020-04-12,C3806,"Phoenix-Mesa-Scottsdale, AZ MSA",2123,47,86,0,92.14,3.29,0.587332858364708,0.282360203536989,Phoenix
2020-04-13,C3806,"Phoenix-Mesa-Scottsdale, AZ MSA",2188,52,65,5,90.71,3.57,0.648330204373819,0.308488262841519,Phoenix
2020-04-14,C3806,"Phoenix-Mesa-Scottsdale, AZ MSA",2231,54,43,2,105.29,4.29,0.755317706999318,0.352876572620377,Phoenix
2020-04-15,C3806,"Phoenix-Mesa-Scottsdale, AZ MSA",2328,60,97,6,98.43,4.14,0.833861729368546,0.417638476732769,Phoenix
2020-04-16,C3806,"Phoenix-Mesa-Scottsdale, AZ MSA",2461,64,133,4,101.86,5,0.814952415170837,0.417322971383503,Phoenix
2020-04-17,C3806,"Phoenix-Mesa-Scottsdale, AZ MSA",2616,69,155,5,100.57,4.29,0.832030168876384,0.445490450262079,Phoenix
2020-04-18,C3806,"Phoenix-Mesa-Scottsdale, AZ MSA",2726,76,110,7,110.71,5.14,0.804109662881344,0.424231795183548,Phoenix
2020-04-19,C3806,"Phoenix-Mesa-Scottsdale, AZ MSA",2836,82,110,6,114.43,6.43,0.774875178932617,0.42495135492621,Phoenix
2020-04-20,C3806,"Phoenix-Mesa-Scottsdale, AZ MSA",2892,82,56,0,116,8.43,0.739810650950495,0.429179231314443,Phoenix
2020-04-21,C3806,"Phoenix-Mesa-Scottsdale, AZ MSA",3006,90,114,8,116.71,8.57,0.642836145881695,0.387834960441804,Phoenix
2020-04-22,C3806,"Phoenix-Mesa-Scottsdale, AZ MSA",3129,105,123,15,120,7.71,0.508428351922254,0.309855137387484,Phoenix
2020-04-23,C3806,"Phoenix-Mesa-Scottsdale, AZ MSA",3273,123,144,18,123.57,7,0.545094648143467,0.34040267205263,Phoenix
2020-04-24,C3806,"Phoenix-Mesa-Scottsdale, AZ MSA",3433,129,160,6,132,7,0.541328948800145,0.334556618024082,Phoenix
2020-04-25,C3806,"Phoenix-Mesa-Scottsdale, AZ MSA",3566,130,133,1,133.86,5.86,0.576767355970187,0.368683510621739,Phoenix
2020-04-26,C3806,"Phoenix-Mesa-Scottsdale, AZ MSA",3701,131,135,1,140.14,6.57,0.619032274091762,0.391415820740256,Phoenix
2020-04-27,C3806,"Phoenix-Mesa-Scottsdale, AZ MSA",3816,131,115,0,156.57,4.71,0.617109661592768,0.375285748887005,Phoenix
2020-04-28,C3806,"Phoenix-Mesa-Scottsdale, AZ MSA",3943,131,127,0,162.86,4.43,0.678919583462479,0.417868132180976,Phoenix
2020-04-29,C3806,"Phoenix-Mesa-Scottsdale, AZ MSA",4110,151,167,20,184.29,4.29,0.726949777377097,0.443275642356816,Phoenix
2020-04-30,C3806,"Phoenix-Mesa-Scottsdale, AZ MSA",4369,156,259,5,191.43,4.14,0.683353743636914,0.411374507067662,Phoenix
2020-05-01,C3806,"Phoenix-Mesa-Scottsdale, AZ MSA",4573,160,204,4,200.43,4.14,0.724264952896738,0.435377857661631,Phoenix
2020-05-02,C3806,"Phoenix-Mesa-Scottsdale, AZ MSA",4856,160,283,0,209.14,8.43,0.715479641559217,0.42079313446836,Phoenix
2020-05-03,C3806,"Phoenix-Mesa-Scottsdale, AZ MSA",5041,160,185,0,217.86,7.14,0.702278259087675,0.422622929051586,Phoenix
2020-05-04,C3806,"Phoenix-Mesa-Scottsdale, AZ MSA",5219,160,178,0,193.86,9,0.698810923454224,0.397495240445749,Phoenix
2020-05-05,C3806,"Phoenix-Mesa-Scottsdale, AZ MSA",5407,190,188,30,216.86,13.86,0.639690221368028,0.339678578045866,Phoenix
2020-05-06,C3806,"Phoenix-Mesa-Scottsdale, AZ MSA",5635,201,228,11,215.43,14.86,0.691550152250528,0.369075216915855,Phoenix
2020-05-07,C3806,"Phoenix-Mesa-Scottsdale, AZ MSA",5726,219,91,18,198,15.14,0.746459878682032,0.390076767508313,Phoenix
2020-05-08,C3806,"Phoenix-Mesa-Scottsdale, AZ MSA",6091,257,365,38,198.43,15.57,0.698232299083825,0.352617478145092,Phoenix
2020-05-09,C3806,"Phoenix-Mesa-Scottsdale, AZ MSA",6364,264,273,7,206.86,12.71,0.685121486273129,0.35654389088912,Phoenix
2020-05-10,C3806,"Phoenix-Mesa-Scottsdale, AZ MSA",6427,266,63,2,192.71,14.29,0.680107883364554,0.318764578762035,Phoenix
2020-05-11,C3806,"Phoenix-Mesa-Scottsdale, AZ MSA",6608,269,181,3,217.57,14.43,0.674205557510709,0.334316325418332,Phoenix
2020-05-12,C3806,"Phoenix-Mesa-Scottsdale, AZ MSA",6855,279,247,10,200,10.43,0.712786064018852,0.369690441854591,Phoenix
2020-05-13,C3806,"Phoenix-Mesa-Scottsdale, AZ MSA",6984,301,129,22,201.43,12.29,0.600781916819585,0.298962373522473,Phoenix
2020-05-14,C3806,"Phoenix-Mesa-Scottsdale, AZ MSA",7249,320,265,19,215.14,12,0.516699052618362,0.24560034334891,Phoenix
2020-05-15,C3806,"Phoenix-Mesa-Scottsdale, AZ MSA",7491,330,242,10,204.86,12.29,0.494179171667909,0.23019318359408,Phoenix
2020-05-16,C3806,"Phoenix-Mesa-Scottsdale, AZ MSA",7774,350,283,20,192.43,13.14,0.474377785661006,0.21587092936311,Phoenix
2020-05-17,C3806,"Phoenix-Mesa-Scottsdale, AZ MSA",7933,350,159,0,197.71,13.29,0.445194626717309,0.220257356866847,Phoenix
2020-05-18,C3806,"Phoenix-Mesa-Scottsdale, AZ MSA",8042,355,109,5,188.29,11.14,0.41278311058407,0.204513753059663,Phoenix
2020-05-25,C3806,"Phoenix-Mesa-Scottsdale, AZ MSA",9143,422,111,1,159.57,6,0.344777339366065,0.160279831929789,Phoenix
2020-05-26,C3806,"Phoenix-Mesa-Scottsdale, AZ MSA",9214,421,71,-1,175.29,7.57,0.336594916396878,0.162680275440526,Phoenix
2020-05-27,C3806,"Phoenix-Mesa-Scottsdale, AZ MSA",9404,434,190,13,204.43,7,0.331835383236041,0.155373413077745,Phoenix
2020-05-28,C3806,"Phoenix-Mesa-Scottsdale, AZ MSA",9684,440,280,6,235.14,7.14,0.349062329408533,0.188629071385551,Phoenix
2020-05-29,C3806,"Phoenix-Mesa-Scottsdale, AZ MSA",9926,458,242,18,237,7.29,0.397832545041956,0.223618044676411,Phoenix
2020-05-30,C3806,"Phoenix-Mesa-Scottsdale, AZ MSA",10359,469,433,11,318.71,9.43,0.417204258948554,0.248630455275844,Phoenix
2020-05-31,C3806,"Phoenix-Mesa-Scottsdale, AZ MSA",10678,471,319,2,372,10.14,0.49892943922785,0.318144777507645,Phoenix
2020-06-01,C3806,"Phoenix-Mesa-Scottsdale, AZ MSA",10802,473,124,2,356.14,10.14,0.527291633815686,0.318464812418496,Phoenix
2020-06-02,C3806,"Phoenix-Mesa-Scottsdale, AZ MSA",11445,487,643,14,454.71,8.86,0.528557469395201,0.314387131975249,Phoenix
2020-06-03,C3806,"Phoenix-Mesa-Scottsdale, AZ MSA",12008,505,563,18,495.57,8.71,0.584223513493668,0.325793994562553,Phoenix
2020-06-04,C3806,"Phoenix-Mesa-Scottsdale, AZ MSA",12177,511,169,6,561.71,8.57,0.681537846295958,0.353289104563259,Phoenix
2020-06-05,C3806,"Phoenix-Mesa-Scottsdale, AZ MSA",13109,520,932,9,618.29,8.43,0.690931709241267,0.370102276984295,Phoenix
2020-06-06,C3806,"Phoenix-Mesa-Scottsdale, AZ MSA",13828,530,719,10,584.71,8.29,0.811930954542659,0.461725106734969,Phoenix
2020-06-07,C3806,"Phoenix-Mesa-Scottsdale, AZ MSA",14610,531,782,1,640.43,8,0.790676024573228,0.436261026481372,Phoenix
2020-06-08,C3806,"Phoenix-Mesa-Scottsdale, AZ MSA",15130,532,520,1,731.71,9,0.805992533757821,0.448788685566987,Phoenix
2020-06-09,C3806,"Phoenix-Mesa-Scottsdale, AZ MSA",15538,545,408,13,752,8.43,0.834531122994828,0.475448013902365,Phoenix
2020-06-10,C3806,"Phoenix-Mesa-Scottsdale, AZ MSA",16491,561,953,16,780.43,9,0.918157919650333,0.57046682444247,Phoenix
2020-06-11,C3806,"Phoenix-Mesa-Scottsdale, AZ MSA",17299,574,808,13,797.43,9.14,0.885975136440258,0.572170168067759,Phoenix
2020-06-12,C3806,"Phoenix-Mesa-Scottsdale, AZ MSA",18373,579,1074,5,830,9.86,0.898450016059626,0.559671593482799,Phoenix
2020-06-13,C3806,"Phoenix-Mesa-Scottsdale, AZ MSA",19291,593,918,14,994.86,10,0.831941104016339,0.509178784868643,Phoenix
2020-06-14,C3806,"Phoenix-Mesa-Scottsdale, AZ MSA",20192,595,901,2,1082,9.29,0.837735499096634,0.517297357673997,Phoenix
2020-06-15,C3806,"Phoenix-Mesa-Scottsdale, AZ MSA",20940,601,748,6,1209.86,10.14,0.82131470954821,0.523357599180623,Phoenix
2020-06-16,C3806,"Phoenix-Mesa-Scottsdale, AZ MSA",22502,615,1562,14,1393.71,12.14,0.805086684287927,0.511900012561746,Phoenix
2020-06-17,C3806,"Phoenix-Mesa-Scottsdale, AZ MSA",24065,626,1563,11,1597.57,12.86,0.739442443389352,0.463177357603805,Phoenix
2020-06-18,C3806,"Phoenix-Mesa-Scottsdale, AZ MSA",25768,645,1703,19,1757.29,12.43,0.723588579679022,0.461136981905189,Phoenix
2020-06-19,C3806,"Phoenix-Mesa-Scottsdale, AZ MSA",28129,664,2361,19,1881.29,11.86,0.705604847555045,0.456608220195043,Phoenix
2020-06-20,C3806,"Phoenix-Mesa-Scottsdale, AZ MSA",30474,683,2345,19,2012.14,14.14,0.651968865749626,0.414866774120877,Phoenix
2020-06-21,C3806,"Phoenix-Mesa-Scottsdale, AZ MSA",32493,682,2019,-1,1957.86,17,0.594358632631989,0.372466015036755,Phoenix
2020-06-22,C3806,"Phoenix-Mesa-Scottsdale, AZ MSA",34109,684,1616,2,2039.86,15.29,0.56354593421929,0.347187466765103,Phoenix
2020-06-23,C3806,"Phoenix-Mesa-Scottsdale, AZ MSA",36587,714,2478,30,2076,16.14,0.699502938384438,0.392897570220294,Phoenix
2020-06-24,C3806,"Phoenix-Mesa-Scottsdale, AZ MSA",37770,745,1183,31,2150.57,17,0.808568733941065,0.409352219648318,Phoenix
2020-06-25,C3806,"Phoenix-Mesa-Scottsdale, AZ MSA",40047,752,2277,7,2259.86,18.14,0.832133396181683,0.37708344283509,Phoenix
2020-06-26,C3806,"Phoenix-Mesa-Scottsdale, AZ MSA",42661,777,2614,25,2064.43,17.86,0.87147845116243,0.389603124742848,Phoenix
2020-06-27,C3806,"Phoenix-Mesa-Scottsdale, AZ MSA",45528,802,2867,25,2225.57,17.71,0.910782139737348,0.39861114132323,Phoenix
2020-06-28,C3806,"Phoenix-Mesa-Scottsdale, AZ MSA",48312,809,2784,7,2610.43,20.43,0.966028361421899,0.428652965784973,Phoenix
2020-06-29,C3806,"Phoenix-Mesa-Scottsdale, AZ MSA",48560,809,248,0,2659.71,23.57,1.06411342938122,0.447887730687403,Phoenix
2020-06-30,C3806,"Phoenix-Mesa-Scottsdale, AZ MSA",52166,838,3606,29,2772.43,23.29,0.995569677674484,0.422443889524282,Phoenix
2020-07-01,C3806,"Phoenix-Mesa-Scottsdale, AZ MSA",56043,888,3877,50,2648.29,21.86,0.921370295883855,0.395619385803551,Phoenix
2020-07-02,C3806,"Phoenix-Mesa-Scottsdale, AZ MSA",58665,917,2622,29,2625,21.29,0.940541652450149,0.424359246231451,Phoenix
2020-07-03,C3806,"Phoenix-Mesa-Scottsdale, AZ MSA",62068,940,3403,23,2993.57,21.43,0.919013864830259,0.420140384705345,Phoenix
2020-07-04,C3806,"Phoenix-Mesa-Scottsdale, AZ MSA",64066,955,1998,15,2881.29,25.14,0.904904594294127,0.425473000194158,Phoenix
2020-07-05,C3806,"Phoenix-Mesa-Scottsdale, AZ MSA",66687,958,2621,3,2720.57,21.71,0.929389150317178,0.440110340918799,Phoenix
2020-07-06,C3806,"Phoenix-Mesa-Scottsdale, AZ MSA",69515,959,2828,1,2808,25.29,0.857160650938016,0.436959593622818,Phoenix
2020-07-07,C3806,"Phoenix-Mesa-Scottsdale, AZ MSA",72335,1014,2820,55,2798.86,27.43,0.818939938317304,0.42744718531041,Phoenix
2020-07-08,C3806,"Phoenix-Mesa-Scottsdale, AZ MSA",75087,1040,2752,26,2846.86,31.71,0.732050137223512,0.400404912633315,Phoenix
2020-07-09,C3806,"Phoenix-Mesa-Scottsdale, AZ MSA",78321,1094,3234,54,2724.71,37.57,0.637826493006586,0.35072580999562,Phoenix
2020-07-10,C3806,"Phoenix-Mesa-Scottsdale, AZ MSA",81660,1132,3339,38,2475.43,38.43,0.610831491883971,0.328757175945252,Phoenix
2020-07-11,C3806,"Phoenix-Mesa-Scottsdale, AZ MSA",83994,1177,2334,45,2549,38.86,0.592579991458424,0.32353665947574,Phoenix
2020-07-12,C3806,"Phoenix-Mesa-Scottsdale, AZ MSA",85760,1221,1766,44,2502,46.71,0.499529679415349,0.260665184756847,Phoenix
2020-07-13,C3806,"Phoenix-Mesa-Scottsdale, AZ MSA",86843,1228,1083,7,2410.86,44.29,0.485205827891563,0.253034610752292,Phoenix
2020-07-14,C3806,"Phoenix-Mesa-Scottsdale, AZ MSA",90178,1286,3335,58,2374.71,48.29,0.44088231906506,0.226097254856853,Phoenix
2020-07-15,C3806,"Phoenix-Mesa-Scottsdale, AZ MSA",92601,1367,2423,81,2344.57,53,0.452339246279687,0.223493552190535,Phoenix
2020-07-16,C3806,"Phoenix-Mesa-Scottsdale, AZ MSA",95197,1404,2596,37,2337.86,50.86,0.479869134830853,0.25688618981296,Phoenix
2020-07-17,C3806,"Phoenix-Mesa-Scottsdale, AZ MSA",98283,1470,3086,66,2359.86,51.57,0.473036388351979,0.243260686794852,Phoenix
2020-07-18,C3806,"Phoenix-Mesa-Scottsdale, AZ MSA",100406,1548,2123,78,2240.57,54.14,0.475715309762244,0.212135935371593,Phoenix
2020-07-19,C3806,"Phoenix-Mesa-Scottsdale, AZ MSA",102125,1577,1719,29,2121.71,49.29,0.503606779480349,0.219467715530257,Phoenix
2020-07-20,C3806,"Phoenix-Mesa-Scottsdale, AZ MSA",103362,1589,1237,12,2003.43,51.57,0.474646981831152,0.198598962866645,Phoenix
2020-07-21,C3806,"Phoenix-Mesa-Scottsdale, AZ MSA",105862,1665,2500,76,1934.86,51.71,0.46856464650181,0.196986918248399,Phoenix
2020-07-22,C3806,"Phoenix-Mesa-Scottsdale, AZ MSA",107453,1712,1591,47,2037.57,52.43,0.472118438526888,0.188866236594951,Phoenix
2020-07-23,C3806,"Phoenix-Mesa-Scottsdale, AZ MSA",109221,1765,1768,53,2002.86,50.57,0.45630465175164,0.146427998620784,Phoenix
2020-07-24,C3806,"Phoenix-Mesa-Scottsdale, AZ MSA",111827,1832,2606,67,2026.71,48.57,0.455563463113162,0.155305681260195,Phoenix
2020-07-25,C3806,"Phoenix-Mesa-Scottsdale, AZ MSA",114669,1915,2842,83,1891.29,48.57,0.426144826194525,0.15066291661743,Phoenix
2020-07-26,C3806,"Phoenix-Mesa-Scottsdale, AZ MSA",116145,1931,1476,16,1916.43,46.57,0.407999002096102,0.151983285270498,Phoenix
2020-07-27,C3806,"Phoenix-Mesa-Scottsdale, AZ MSA",117549,1929,1404,-2,1929.43,54,0.412962742658883,0.161969907347086,Phoenix
2020-07-28,C3806,"Phoenix-Mesa-Scottsdale, AZ MSA",119101,2005,1552,76,1922.29,51.14,0.45447940932555,0.175234646576111,Phoenix
2020-07-29,C3806,"Phoenix-Mesa-Scottsdale, AZ MSA",120868,2038,1767,33,1825.57,44.86,0.482043702360372,0.193717939296547,Phoenix
2020-07-30,C3806,"Phoenix-Mesa-Scottsdale, AZ MSA",122727,2143,1859,105,1765.86,44.43,0.474576557278715,0.207107477724307,Phoenix
2020-07-31,C3806,"Phoenix-Mesa-Scottsdale, AZ MSA",125283,2190,2556,47,1673.14,45.71,0.444203370006557,0.19991216516746,Phoenix
2020-08-01,C3806,"Phoenix-Mesa-Scottsdale, AZ MSA",127448,2229,2165,39,1570.29,41.43,0.507423320554094,0.222763285949615,Phoenix
2020-08-02,C3806,"Phoenix-Mesa-Scottsdale, AZ MSA",128506,2242,1058,13,1501.57,44.43,0.515321777147351,0.226773802422756,Phoenix
2020-08-03,C3806,"Phoenix-Mesa-Scottsdale, AZ MSA",129261,2249,755,7,1374,37.57,0.542081882742454,0.228267386570344,Phoenix
2020-08-04,C3806,"Phoenix-Mesa-Scottsdale, AZ MSA",130093,2295,832,46,1138.29,39.14,0.579113155853917,0.224814364156941,Phoenix
2020-08-05,C3806,"Phoenix-Mesa-Scottsdale, AZ MSA",131379,2349,1286,54,921.86,39.14,0.613804481570499,0.21595310339154,Phoenix
2020-08-06,C3806,"Phoenix-Mesa-Scottsdale, AZ MSA",132345,2406,966,57,846.43,38.14,0.61532794609897,0.216213012801191,Phoenix
2020-08-07,C3806,"Phoenix-Mesa-Scottsdale, AZ MSA",133251,2464,906,58,784,37.57,0.674392758930649,0.225784810235807,Phoenix
2020-08-08,C3806,"Phoenix-Mesa-Scottsdale, AZ MSA",133901,2503,650,39,743.86,34.71,0.654498703556188,0.222126247637308,Phoenix
2020-08-09,C3806,"Phoenix-Mesa-Scottsdale, AZ MSA",134431,2509,530,6,623.43,44,0.685711376818273,0.241157390550709,Phoenix
2020-08-10,C3806,"Phoenix-Mesa-Scottsdale, AZ MSA",134749,2512,318,3,577,39.29,0.692794585675843,0.245047154314475,Phoenix
2020-08-11,C3806,"Phoenix-Mesa-Scottsdale, AZ MSA",135300,2538,551,26,538,34,0.652642178267964,0.256081414466419,Phoenix
2020-08-12,C3806,"Phoenix-Mesa-Scottsdale, AZ MSA",135743,2657,443,119,521.14,35.86,0.565010738540588,0.236154272393679,Phoenix
2020-08-13,C3806,"Phoenix-Mesa-Scottsdale, AZ MSA",136384,2681,641,24,523.43,36.57,0.573519149960392,0.2359894688428,Phoenix
2020-08-14,C3806,"Phoenix-Mesa-Scottsdale, AZ MSA",137017,2702,633,21,512.86,36.14,0.579839132516035,0.229990447839884,Phoenix
2020-08-15,C3806,"Phoenix-Mesa-Scottsdale, AZ MSA",137549,2754,532,52,513.29,35,0.560171640343467,0.212781227955356,Phoenix
2020-08-16,C3806,"Phoenix-Mesa-Scottsdale, AZ MSA",138095,2765,546,11,518.57,30.14,0.530679483340413,0.191463348677806,Phoenix
2020-08-17,C3806,"Phoenix-Mesa-Scottsdale, AZ MSA",138339,2765,244,0,497.29,33.43,0.510377969122136,0.184774488986504,Phoenix
2020-08-18,C3806,"Phoenix-Mesa-Scottsdale, AZ MSA",138893,2783,554,18,465.14,31,0.477848607544526,0.164911170848235,Phoenix
2020-08-19,C3806,"Phoenix-Mesa-Scottsdale, AZ MSA",139373,2868,480,85,469.29,28.43,0.509821729017647,0.169447998885063,Phoenix
2020-08-20,C3806,"Phoenix-Mesa-Scottsdale, AZ MSA",139865,2915,492,47,411.29,28.86,0.467148407314475,0.158478334221369,Phoenix
2020-08-21,C3806,"Phoenix-Mesa-Scottsdale, AZ MSA",140273,2919,408,4,404.86,28.86,0.464105234369506,0.176246411290427,Phoenix
2020-08-22,C3806,"Phoenix-Mesa-Scottsdale, AZ MSA",140834,2953,561,34,375.57,28.43,0.43675419684303,0.170849079577306,Phoenix
2020-08-23,C3806,"Phoenix-Mesa-Scottsdale, AZ MSA",140974,2967,140,14,329.71,25.86,0.441627720715775,0.153316259187936,Phoenix
2020-08-24,C3806,"Phoenix-Mesa-Scottsdale, AZ MSA",141173,2967,199,0,324.86,23,0.471218410107948,0.170957852854822,Phoenix
2020-08-25,C3806,"Phoenix-Mesa-Scottsdale, AZ MSA",141522,2982,349,15,314.43,26.86,0.48493224264531,0.185491681506297,Phoenix
2020-08-26,C3806,"Phoenix-Mesa-Scottsdale, AZ MSA",141681,3049,159,67,295.57,25.71,0.48378076066498,0.21919247145036,Phoenix
2020-08-27,C3806,"Phoenix-Mesa-Scottsdale, AZ MSA",142139,3076,458,27,313,25.86,0.48153279153777,0.222385866928694,Phoenix
2020-08-28,C3806,"Phoenix-Mesa-Scottsdale, AZ MSA",142474,3107,335,31,300.71,25.71,0.426251171427302,0.200024900914454,Phoenix
2020-08-29,C3806,"Phoenix-Mesa-Scottsdale, AZ MSA",142903,3133,429,26,299.71,25.71,0.453783339435661,0.232698206444902,Phoenix
2020-08-30,C3806,"Phoenix-Mesa-Scottsdale, AZ MSA",143165,3148,262,15,336.43,18.86,0.460786973676613,0.26290567560362,Phoenix
2020-08-31,C3806,"Phoenix-Mesa-Scottsdale, AZ MSA",143278,3147,113,-1,387.71,20.14,0.440374157367941,0.253720819544694,Phoenix
2020-09-01,C3806,"Phoenix-Mesa-Scottsdale, AZ MSA",143620,3162,342,15,408.57,20.71,0.425595513278952,0.238005104863462,Phoenix
2020-09-02,C3806,"Phoenix-Mesa-Scottsdale, AZ MSA",144036,3181,416,19,413.14,20.43,0.412807979320266,0.207766652715071,Phoenix
2020-09-03,C3806,"Phoenix-Mesa-Scottsdale, AZ MSA",144853,3217,817,36,394.86,19.29,0.434130559108207,0.208807944659023,Phoenix
2020-09-04,C3806,"Phoenix-Mesa-Scottsdale, AZ MSA",145334,3252,481,35,386.71,19.14,0.425621879951943,0.200763674081658,Phoenix
2020-09-05,C3806,"Phoenix-Mesa-Scottsdale, AZ MSA",145795,3276,461,24,343.29,17.29,0.387827433669348,0.177292878381522,Phoenix
2020-09-06,C3806,"Phoenix-Mesa-Scottsdale, AZ MSA",145929,3283,134,7,339.14,18,0.357888199711229,0.158341782264373,Phoenix
2020-09-07,C3806,"Phoenix-Mesa-Scottsdale, AZ MSA",145985,3281,56,-2,265.71,15.29,0.346191831150008,0.1411023529046,Phoenix
2020-09-08,C3806,"Phoenix-Mesa-Scottsdale, AZ MSA",146023,3283,38,2,244.14,11.57,0.336865627188497,0.13644364852663,Phoenix
2020-09-09,C3806,"Phoenix-Mesa-Scottsdale, AZ MSA",146410,3307,387,24,238.14,10.86,0.301981384060351,0.120499096541428,Phoenix
2020-09-10,C3806,"Phoenix-Mesa-Scottsdale, AZ MSA",146713,3324,303,17,251.57,9.43,0.344189606159112,0.128371181356114,Phoenix
2020-09-11,C3806,"Phoenix-Mesa-Scottsdale, AZ MSA",147043,3333,330,9,255.86,9.71,0.364637579779679,0.13084417372336,Phoenix
2020-09-12,C3806,"Phoenix-Mesa-Scottsdale, AZ MSA",147462,3352,419,19,292.14,12.14,0.36849312261023,0.12918204978249,Phoenix
2020-09-13,C3806,"Phoenix-Mesa-Scottsdale, AZ MSA",147690,3349,228,-3,281.86,12.29,0.389857003073658,0.13529871727789,Phoenix
2020-09-14,C3806,"Phoenix-Mesa-Scottsdale, AZ MSA",147776,3349,86,0,371.57,12.29,0.39885072648895,0.152335754314927,Phoenix
2020-09-15,C3806,"Phoenix-Mesa-Scottsdale, AZ MSA",148068,3368,292,19,362.71,16.29,0.423443098220252,0.16569491972022,Phoenix
2020-09-16,C3806,"Phoenix-Mesa-Scottsdale, AZ MSA",148383,3393,315,25,352.29,15.71,0.472549776631235,0.202047399927668,Phoenix
2020-09-17,C3806,"Phoenix-Mesa-Scottsdale, AZ MSA",149314,3410,931,17,361,16.43,0.428191814679406,0.189804486395643,Phoenix
2020-09-18,C3806,"Phoenix-Mesa-Scottsdale, AZ MSA",149582,3447,268,37,372.14,16.71,0.437353450054494,0.198242713041942,Phoenix
2020-09-19,C3806,"Phoenix-Mesa-Scottsdale, AZ MSA",149928,3462,346,15,377.57,16,0.494483289554617,0.242041186398335,Phoenix
2020-09-20,C3806,"Phoenix-Mesa-Scottsdale, AZ MSA",150217,3464,289,2,349.71,16.71,0.495201131747674,0.241979769472014,Phoenix
2020-09-21,C3806,"Phoenix-Mesa-Scottsdale, AZ MSA",150381,3466,164,2,247.43,18,0.51163565222253,0.233756186705574,Phoenix
2020-09-22,C3806,"Phoenix-Mesa-Scottsdale, AZ MSA",150711,3480,330,14,239.29,15,0.496994444388045,0.23141029699834,Phoenix
2020-09-23,C3806,"Phoenix-Mesa-Scottsdale, AZ MSA",150831,3510,120,30,224.71,15.43,0.497734843019261,0.232206481134678,Phoenix
2020-09-24,C3806,"Phoenix-Mesa-Scottsdale, AZ MSA",151046,3536,215,26,220.14,15.14,0.49686523767076,0.23072415385262,Phoenix
2020-09-25,C3806,"Phoenix-Mesa-Scottsdale, AZ MSA",151257,3552,211,16,223.86,15,0.470953298215208,0.215603061728885,Phoenix
2020-09-26,C3806,"Phoenix-Mesa-Scottsdale, AZ MSA",151501,3570,244,18,236.29,14.29,0.413984505004244,0.172759815738579,Phoenix
2020-09-27,C3806,"Phoenix-Mesa-Scottsdale, AZ MSA",151758,3570,257,0,238.14,12.86,0.370829330431426,0.165500045466616,Phoenix
2020-09-28,C3806,"Phoenix-Mesa-Scottsdale, AZ MSA",151948,3571,190,1,273.29,11.29,0.382706969228881,0.176444570373353,Phoenix
2020-09-29,C3806,"Phoenix-Mesa-Scottsdale, AZ MSA",152365,3580,417,9,284.86,10.43,0.400042808107273,0.187845252210205,Phoenix
2020-09-30,C3806,"Phoenix-Mesa-Scottsdale, AZ MSA",152498,3600,133,20,312,9.14,0.376216174910065,0.174467958990268,Phoenix
2020-10-01,C3806,"Phoenix-Mesa-Scottsdale, AZ MSA",152959,3615,461,15,310,9.43,0.367460904701279,0.168126144695165,Phoenix
2020-10-02,C3806,"Phoenix-Mesa-Scottsdale, AZ MSA",153251,3625,292,10,315.57,9.43,0.36825026084303,0.171674575603078,Phoenix
2020-10-03,C3806,"Phoenix-Mesa-Scottsdale, AZ MSA",153685,3634,434,9,337.43,8.86,0.400501275547212,0.202454538458191,Phoenix
2020-10-04,C3806,"Phoenix-Mesa-Scottsdale, AZ MSA",153928,3636,243,2,386.14,8.71,0.419907698171766,0.196122967161772,Phoenix
2020-10-05,C3806,"Phoenix-Mesa-Scottsdale, AZ MSA",154157,3637,229,1,403.86,7.57,0.371913259236535,0.185839236192864,Phoenix
2020-10-06,C3806,"Phoenix-Mesa-Scottsdale, AZ MSA",154727,3642,570,5,431.43,6.43,0.358211660188035,0.172205558161059,Phoenix
2020-10-07,C3806,"Phoenix-Mesa-Scottsdale, AZ MSA",155201,3661,474,19,452.43,6.29,0.333362043511197,0.155555830660691,Phoenix
2020-10-08,C3806,"Phoenix-Mesa-Scottsdale, AZ MSA",155786,3668,585,7,482,6,0.349585409039185,0.161354472382737,Phoenix
2020-10-09,C3806,"Phoenix-Mesa-Scottsdale, AZ MSA",156271,3670,485,2,499,5.86,0.376158122025728,0.176782995409636,Phoenix
2020-10-10,C3806,"Phoenix-Mesa-Scottsdale, AZ MSA",156852,3678,581,8,486.57,5.86,0.350150502219484,0.139677852149838,Phoenix
2020-10-11,C3806,"Phoenix-Mesa-Scottsdale, AZ MSA",157302,3678,450,0,500.29,3.86,0.386717534857578,0.159196544487957,Phoenix
2020-10-12,C3806,"Phoenix-Mesa-Scottsdale, AZ MSA",157650,3678,348,0,509.86,4.86,0.399442925209683,0.154209356561571,Phoenix
2020-10-13,C3806,"Phoenix-Mesa-Scottsdale, AZ MSA",158133,3683,483,5,511.86,6.14,0.377366678620028,0.160235325970058,Phoenix
2020-10-14,C3806,"Phoenix-Mesa-Scottsdale, AZ MSA",158703,3688,570,5,522.43,7,0.396313931204099,0.171297964189395,Phoenix
2020-10-15,C3806,"Phoenix-Mesa-Scottsdale, AZ MSA",159355,3702,652,14,536,6.71,0.3719262839038,0.170266887247124,Phoenix
2020-10-16,C3806,"Phoenix-Mesa-Scottsdale, AZ MSA",159854,3713,499,11,572.71,7.14,0.388234762289666,0.187558566783589,Phoenix
2020-10-17,C3806,"Phoenix-Mesa-Scottsdale, AZ MSA",160509,3727,655,14,603.43,7.43,0.399366740689273,0.206377378761989,Phoenix
2020-10-18,C3806,"Phoenix-Mesa-Scottsdale, AZ MSA",161054,3725,545,-2,623.14,8.71,0.38361180275743,0.197546731326713,Phoenix
2020-10-19,C3806,"Phoenix-Mesa-Scottsdale, AZ MSA",161659,3728,605,3,618.43,7.29,0.377148733415869,0.195944027335438,Phoenix
2020-10-20,C3806,"Phoenix-Mesa-Scottsdale, AZ MSA",162357,3735,698,7,639.86,5.71,0.41156075539514,0.196655117443412,Phoenix
2020-10-21,C3806,"Phoenix-Mesa-Scottsdale, AZ MSA",163065,3749,708,14,622.43,4,0.475633431258011,0.243752750886622,Phoenix
2020-10-22,C3806,"Phoenix-Mesa-Scottsdale, AZ MSA",163684,3753,619,4,689.71,4.57,0.506226612636253,0.277089895195565,Phoenix
2020-10-23,C3806,"Phoenix-Mesa-Scottsdale, AZ MSA",164333,3753,649,0,686.57,4.29,0.455476428972325,0.235605415050496,Phoenix
2020-10-24,C3806,"Phoenix-Mesa-Scottsdale, AZ MSA",164866,3755,533,2,704.71,5.57,0.43219452421042,0.222014462669543,Phoenix
2020-10-25,C3806,"Phoenix-Mesa-Scottsdale, AZ MSA",165882,3757,1016,2,679.86,4.86,0.419582519752085,0.23142614171425,Phoenix
2020-10-26,C3806,"Phoenix-Mesa-Scottsdale, AZ MSA",166465,3758,583,1,712.71,5.43,0.463543465235262,0.241731111905495,Phoenix
2020-10-27,C3806,"Phoenix-Mesa-Scottsdale, AZ MSA",167290,3774,825,16,764.71,7.14,0.454413937562123,0.237772218003106,Phoenix
2020-10-28,C3806,"Phoenix-Mesa-Scottsdale, AZ MSA",167824,3783,534,9,858.86,11.29,0.389497464720591,0.179572368045282,Phoenix
2020-10-29,C3806,"Phoenix-Mesa-Scottsdale, AZ MSA",168673,3791,849,8,867.57,11,0.411464721623806,0.161548408204726,Phoenix
2020-10-30,C3806,"Phoenix-Mesa-Scottsdale, AZ MSA",169686,3803,1013,12,847,11.29,0.432180541026566,0.164311097540375,Phoenix
2020-10-31,C3806,"Phoenix-Mesa-Scottsdale, AZ MSA",170878,3834,1192,31,882.29,12.29,0.413994904804865,0.150383736103997,Phoenix
2020-11-01,C3806,"Phoenix-Mesa-Scottsdale, AZ MSA",171955,3834,1077,0,875,15,0.39137165999412,0.138408385066146,Phoenix
2020-11-02,C3806,"Phoenix-Mesa-Scottsdale, AZ MSA",172394,3837,439,3,970.71,15.86,0.339192789024157,0.134112548347192,Phoenix
2020-11-03,C3806,"Phoenix-Mesa-Scottsdale, AZ MSA",173466,3860,1072,23,1015.29,15.57,0.350111292274513,0.138730682393263,Phoenix
2020-11-04,C3806,"Phoenix-Mesa-Scottsdale, AZ MSA",173949,3888,483,28,1084.57,13.71,0.396336791476213,0.167082095069012,Phoenix
2020-11-06,C3806,"Phoenix-Mesa-Scottsdale, AZ MSA",176793,3912,1325,10,1076.57,14.71,0.369854512155435,0.162225908147223,Phoenix
2020-11-07,C3806,"Phoenix-Mesa-Scottsdale, AZ MSA",178470,3930,1677,18,1235.86,14.29,0.361389502983019,0.176272848952846,Phoenix
2020-11-08,C3806,"Phoenix-Mesa-Scottsdale, AZ MSA",179655,3940,1185,10,1341.57,13.29,0.403613648521491,0.196032952658642,Phoenix
2020-11-09,C3806,"Phoenix-Mesa-Scottsdale, AZ MSA",179930,3940,275,0,1221.14,13,0.419050385986154,0.202312823054204,Phoenix
2020-11-10,C3806,"Phoenix-Mesa-Scottsdale, AZ MSA",182117,3960,2187,20,1327.29,14,0.469518307808617,0.231948582397621,Phoenix
2020-11-11,C3806,"Phoenix-Mesa-Scottsdale, AZ MSA",183340,3981,1223,21,1436,15.14,0.45978877737414,0.235990688956764,Phoenix
2020-11-12,C3806,"Phoenix-Mesa-Scottsdale, AZ MSA",184016,3993,676,12,1454.43,13.86,0.442288828331409,0.235508158980371,Phoenix
2020-11-13,C3806,"Phoenix-Mesa-Scottsdale, AZ MSA",186084,4010,2068,17,1541.86,13.86,0.439994068841629,0.236398681275043,Phoenix
2020-11-14,C3806,"Phoenix-Mesa-Scottsdale, AZ MSA",188522,4036,2438,26,1494,12.57,0.419836488518981,0.235124093632651,Phoenix
2020-11-15,C3806,"Phoenix-Mesa-Scottsdale, AZ MSA",189836,4037,1314,1,1631.71,14.57,0.445917535374194,0.239813380951767,Phoenix
2020-11-16,C3806,"Phoenix-Mesa-Scottsdale, AZ MSA",190723,4037,887,0,1961.71,14.86,0.482733301034368,0.255890077271481,Phoenix
2020-11-17,C3806,"Phoenix-Mesa-Scottsdale, AZ MSA",192575,4048,1852,11,2049.57,16.86,0.452950656667369,0.241419494366532,Phoenix
2020-11-18,C3806,"Phoenix-Mesa-Scottsdale, AZ MSA",194762,4083,2187,35,2017.57,15.14,0.487555801498548,0.235596588695291,Phoenix
2020-11-19,C3806,"Phoenix-Mesa-Scottsdale, AZ MSA",197748,4097,2986,14,2195.29,15.71,0.48660066117376,0.236532742091937,Phoenix
2020-11-20,C3806,"Phoenix-Mesa-Scottsdale, AZ MSA",200431,4128,2683,31,2303.57,15.71,0.466632979206078,0.231933600092795,Phoenix
2020-11-21,C3806,"Phoenix-Mesa-Scottsdale, AZ MSA",202645,4142,2214,14,2492.57,18,0.476838226500688,0.239078378438574,Phoenix
2020-11-22,C3806,"Phoenix-Mesa-Scottsdale, AZ MSA",205203,4147,2558,5,2542,13.71,0.449812119421049,0.228644496705867,Phoenix
2020-11-23,C3806,"Phoenix-Mesa-Scottsdale, AZ MSA",206848,4147,1645,0,2433.71,16.43,0.427116621790717,0.208400603501291,Phoenix
2020-11-24,C3806,"Phoenix-Mesa-Scottsdale, AZ MSA",210023,4174,3175,27,2431.29,13.71,0.432546510493809,0.183802276312042,Phoenix
2020-11-25,C3806,"Phoenix-Mesa-Scottsdale, AZ MSA",212556,4179,2533,5,2475.71,13,0.398675268663744,0.180456151195328,Phoenix
2020-11-26,C3806,"Phoenix-Mesa-Scottsdale, AZ MSA",214784,4212,2228,33,2396,12.71,0.386555269772983,0.167377799287189,Phoenix
2020-11-27,C3806,"Phoenix-Mesa-Scottsdale, AZ MSA",217450,4224,2666,12,2215.57,13.43,0.391679503250158,0.172438422288989,Phoenix
2020-11-28,C3806,"Phoenix-Mesa-Scottsdale, AZ MSA",219975,4233,2525,9,2888.86,14.14,0.420120733521303,0.16310279298911,Phoenix
2020-11-29,C3806,"Phoenix-Mesa-Scottsdale, AZ MSA",221975,4236,2000,3,2886,17.29,0.398152750267468,0.157161953621896,Phoenix
2020-11-30,C3806,"Phoenix-Mesa-Scottsdale, AZ MSA",222357,4241,382,5,3121.86,19.43,0.396972292936021,0.152583722772495,Phoenix
2020-12-01,C3806,"Phoenix-Mesa-Scottsdale, AZ MSA",230245,4273,7888,32,3259.14,23.43,0.456033674867057,0.202020449657287,Phoenix
2020-12-02,C3806,"Phoenix-Mesa-Scottsdale, AZ MSA",232758,4300,2513,27,3463.29,24.43,0.445215943546886,0.20025025995539,Phoenix
2020-12-03,C3806,"Phoenix-Mesa-Scottsdale, AZ MSA",236637,4348,3879,48,3582.29,27.14,0.460454014309228,0.195788060799118,Phoenix
2020-12-04,C3806,"Phoenix-Mesa-Scottsdale, AZ MSA",240264,4388,3627,40,3584,26.43,0.490101188247296,0.205397269076739,Phoenix
2020-12-05,C3806,"Phoenix-Mesa-Scottsdale, AZ MSA",244218,4404,3954,16,3736,23.43,0.485771142361704,0.221111940229997,Phoenix
2020-12-06,C3806,"Phoenix-Mesa-Scottsdale, AZ MSA",247051,4426,2833,22,3758.29,27.86,0.52518969984681,0.255826099185505,Phoenix
2020-12-07,C3806,"Phoenix-Mesa-Scottsdale, AZ MSA",247445,4426,394,0,3597.71,26.29,0.562328186375338,0.281310050083201,Phoenix
2020-12-08,C3806,"Phoenix-Mesa-Scottsdale, AZ MSA",256397,4437,8952,11,3701,29,0.509074275269941,0.241542744781242,Phoenix
2020-12-09,C3806,"Phoenix-Mesa-Scottsdale, AZ MSA",259066,4495,2669,58,3884.57,31.43,0.565398683138812,0.258982948688562,Phoenix
2020-12-10,C3806,"Phoenix-Mesa-Scottsdale, AZ MSA",261821,4532,2755,37,3988.71,32.43,0.524403985490811,0.251093932751683,Phoenix
2020-12-11,C3806,"Phoenix-Mesa-Scottsdale, AZ MSA",266171,4591,4350,59,5043.43,32.43,0.508097015558874,0.249107580099138,Phoenix
2020-12-12,C3806,"Phoenix-Mesa-Scottsdale, AZ MSA",271410,4624,5239,33,4169.71,35.43,0.503941464979075,0.250306988474599,Phoenix
2020-12-13,C3806,"Phoenix-Mesa-Scottsdale, AZ MSA",274972,4653,3562,29,4246.71,37,0.497060043569675,0.255124848692064,Phoenix
2020-12-14,C3806,"Phoenix-Mesa-Scottsdale, AZ MSA",282749,4653,7777,0,4407,46.71,0.489828803830516,0.269470395568943,Phoenix
2020-12-15,C3806,"Phoenix-Mesa-Scottsdale, AZ MSA",285585,4685,2836,32,4428.29,49,0.577427361698085,0.358569784594738,Phoenix
2020-12-16,C3806,"Phoenix-Mesa-Scottsdale, AZ MSA",288793,4754,3208,69,4163.43,52.57,0.544795777188735,0.371794622221049,Phoenix
2020-12-17,C3806,"Phoenix-Mesa-Scottsdale, AZ MSA",292670,4859,3877,105,4093.57,51.71,0.592993928488139,0.406436750787326,Phoenix
2020-12-18,C3806,"Phoenix-Mesa-Scottsdale, AZ MSA",297169,4934,4499,75,3701.57,51.86,0.593910627243113,0.400920214613107,Phoenix
2020-12-19,C3806,"Phoenix-Mesa-Scottsdale, AZ MSA",300554,4992,3385,58,3808.71,58.29,0.664533148718977,0.43839112880035,Phoenix
2020-12-20,C3806,"Phoenix-Mesa-Scottsdale, AZ MSA",303627,5015,3073,23,3915.43,52.14,0.765808065341588,0.514405070211099,Phoenix
2020-12-21,C3806,"Phoenix-Mesa-Scottsdale, AZ MSA",308660,5016,5033,1,4003.71,45.57,0.848442678242776,0.573216640999475,Phoenix
2020-12-22,C3806,"Phoenix-Mesa-Scottsdale, AZ MSA",312246,5093,3586,77,3910.86,43.43,0.720794283001739,0.478013848874976,Phoenix
2020-12-23,C3806,"Phoenix-Mesa-Scottsdale, AZ MSA",316201,5119,3955,26,3990.43,37.14,0.67352820428296,0.429517210331908,Phoenix
2020-12-24,C3806,"Phoenix-Mesa-Scottsdale, AZ MSA",320696,5178,4495,59,3617.43,34,0.669519367253516,0.419234843867329,Phoenix
2020-12-25,C3806,"Phoenix-Mesa-Scottsdale, AZ MSA",324545,5238,3849,60,3923.57,39.71,0.744832753625013,0.464922033997618,Phoenix
2020-12-26,C3806,"Phoenix-Mesa-Scottsdale, AZ MSA",328487,5252,3942,14,3693.29,41,0.670157560898004,0.413045544218664,Phoenix
2020-12-27,C3806,"Phoenix-Mesa-Scottsdale, AZ MSA",328949,5253,462,1,3636.29,41.29,0.53987614204243,0.304050879415624,Phoenix
2020-12-28,C3806,"Phoenix-Mesa-Scottsdale, AZ MSA",336125,5294,7176,41,3682.86,42.71,0.469934066269541,0.23090160370654,Phoenix
2020-12-29,C3806,"Phoenix-Mesa-Scottsdale, AZ MSA",338099,5380,1974,86,4142.29,47.14,0.547153576847003,0.259887999901994,Phoenix
2020-12-30,C3806,"Phoenix-Mesa-Scottsdale, AZ MSA",341655,5408,3556,28,4461.14,51.14,0.637727925825123,0.320850602277794,Phoenix
2020-12-31,C3806,"Phoenix-Mesa-Scottsdale, AZ MSA",346476,5477,4821,69,6162.57,51,0.621655309704561,0.315264538417758,Phoenix
2021-01-01,C3806,"Phoenix-Mesa-Scottsdale, AZ MSA",353541,5568,7065,91,5630.29,45.43,0.549736934670932,0.267184151008557,Phoenix
2021-01-02,C3806,"Phoenix-Mesa-Scottsdale, AZ MSA",359715,5610,6174,42,6003.57,50.14,0.552206910228498,0.267625958564567,Phoenix
2021-01-03,C3806,"Phoenix-Mesa-Scottsdale, AZ MSA",372087,5610,12372,0,6269.14,56.71,0.569004020052846,0.276490693091595,Phoenix
2021-01-04,C3806,"Phoenix-Mesa-Scottsdale, AZ MSA",375537,5612,3450,2,6532.57,72.14,0.530733134258872,0.259380319922048,Phoenix
2021-01-05,C3806,"Phoenix-Mesa-Scottsdale, AZ MSA",380124,5731,4587,119,6641.86,77.29,0.596462857627188,0.305527309925647,Phoenix
2021-01-06,C3806,"Phoenix-Mesa-Scottsdale, AZ MSA",385539,5805,5415,74,6855,82,0.691593809236417,0.386698530687357,Phoenix
2021-01-07,C3806,"Phoenix-Mesa-Scottsdale, AZ MSA",392204,5982,6665,177,6210.86,89.43,0.771623237537621,0.453491482190807,Phoenix
2021-01-08,C3806,"Phoenix-Mesa-Scottsdale, AZ MSA",400034,6109,7830,127,6659.86,89.86,0.827573588378959,0.516012880106196,Phoenix
2021-01-09,C3806,"Phoenix-Mesa-Scottsdale, AZ MSA",407700,6184,7666,75,6894.43,104,0.930641974859013,0.576236877907735,Phoenix
2021-01-10,C3806,"Phoenix-Mesa-Scottsdale, AZ MSA",415563,6236,7863,52,6672.86,110.14,0.945708335956221,0.585973470297761,Phoenix
2021-01-11,C3806,"Phoenix-Mesa-Scottsdale, AZ MSA",422156,6241,6593,5,6457.29,100.86,0.963545920008695,0.601097831315735,Phoenix
2021-01-12,C3806,"Phoenix-Mesa-Scottsdale, AZ MSA",428385,6459,6229,218,6245.57,98.43,0.868300412714869,0.568053022483111,Phoenix
2021-01-13,C3806,"Phoenix-Mesa-Scottsdale, AZ MSA",432249,6576,3864,117,6019.14,105.71,0.823820852357492,0.495153863121392,Phoenix
2021-01-14,C3806,"Phoenix-Mesa-Scottsdale, AZ MSA",437405,6688,5156,112,5573,99.71,0.728302931707996,0.41413407514116,Phoenix
2021-01-15,C3806,"Phoenix-Mesa-Scottsdale, AZ MSA",443753,6798,6348,110,5183.29,98.86,0.684642747185509,0.368074145637837,Phoenix
2021-01-16,C3806,"Phoenix-Mesa-Scottsdale, AZ MSA",449834,6924,6081,126,4942,67.71,0.612862652864425,0.32600233634328,Phoenix
2021-01-17,C3806,"Phoenix-Mesa-Scottsdale, AZ MSA",454574,6934,4740,10,4876.71,68.71,0.616171961856598,0.32881675323823,Phoenix
2021-01-18,C3806,"Phoenix-Mesa-Scottsdale, AZ MSA",458439,6933,3865,-1,5058.43,73.86,0.593745967407014,0.338582512455885,Phoenix
2021-01-19,C3806,"Phoenix-Mesa-Scottsdale, AZ MSA",462979,6933,4540,0,5011.57,77.29,0.557991957300948,0.303657368309158,Phoenix
2021-01-20,C3806,"Phoenix-Mesa-Scottsdale, AZ MSA",466386,7057,3407,124,4866.14,73.14,0.48692500420392,0.282501135235631,Phoenix
2021-01-21,C3806,"Phoenix-Mesa-Scottsdale, AZ MSA",472814,7205,6428,148,4905.57,80.43,0.535857247543908,0.310799911558326,Phoenix
2021-01-22,C3806,"Phoenix-Mesa-Scottsdale, AZ MSA",478834,7339,6020,134,4904,80.57,0.529926906311996,0.302756726381463,Phoenix
2021-01-23,C3806,"Phoenix-Mesa-Scottsdale, AZ MSA",483897,7436,5063,97,4769.14,98.71,0.491881263653819,0.295290923556154,Phoenix
2021-01-24,C3806,"Phoenix-Mesa-Scottsdale, AZ MSA",488913,7497,5016,61,4942.86,99.43,0.516197720773405,0.308981717768461,Phoenix
2021-01-27,C3806,"Phoenix-Mesa-Scottsdale, AZ MSA",500986,7753,4623,129,3954.43,88.43,0.553576966619269,0.319027028290661,Phoenix
2021-01-28,C3806,"Phoenix-Mesa-Scottsdale, AZ MSA",504409,7861,3423,108,3738.43,82.43,0.580687293900093,0.328454198599966,Phoenix
2021-01-29,C3806,"Phoenix-Mesa-Scottsdale, AZ MSA",507927,7984,3518,123,3564.29,82.43,0.52065328029465,0.296662815380011,Phoenix
2021-01-30,C3806,"Phoenix-Mesa-Scottsdale, AZ MSA",511578,8055,3651,71,3370.43,80.29,0.495648018806423,0.27620576872557,Phoenix
2021-01-31,C3806,"Phoenix-Mesa-Scottsdale, AZ MSA",515082,8074,3504,19,2931.29,79.29,0.485586892652608,0.261378352000905,Phoenix
2021-02-01,C3806,"Phoenix-Mesa-Scottsdale, AZ MSA",517717,8074,2635,0,2891.71,79.14,0.502045228809238,0.259479797241075,Phoenix
2021-02-02,C3806,"Phoenix-Mesa-Scottsdale, AZ MSA",519956,8186,2239,112,2772.29,80,0.524411314823271,0.283460266983696,Phoenix
2021-02-03,C3806,"Phoenix-Mesa-Scottsdale, AZ MSA",521505,8308,1549,122,2609.14,77.43,0.516088833949066,0.293859957693732,Phoenix
2021-02-07,C3806,"Phoenix-Mesa-Scottsdale, AZ MSA",530867,8633,1025,36,2251.43,84.43,0.567036532720309,0.30688800016238,Phoenix
2021-02-08,C3806,"Phoenix-Mesa-Scottsdale, AZ MSA",532634,8641,1767,8,2019,83.86,0.575756020515428,0.31267231388787,Phoenix
2021-02-09,C3806,"Phoenix-Mesa-Scottsdale, AZ MSA",535732,8770,3098,129,1884.86,81.57,0.601299075436185,0.323132013571281,Phoenix
2021-02-10,C3806,"Phoenix-Mesa-Scottsdale, AZ MSA",537265,8899,1533,129,1694.14,84.29,0.568102976975873,0.311324125784146,Phoenix
2021-02-11,C3806,"Phoenix-Mesa-Scottsdale, AZ MSA",538784,9002,1519,103,1735.71,83,0.52507378863206,0.289821859657945,Phoenix
2021-02-12,C3806,"Phoenix-Mesa-Scottsdale, AZ MSA",540527,9115,1743,113,1609.43,81.86,0.453233561976826,0.248507413556448,Phoenix
2021-02-13,C3806,"Phoenix-Mesa-Scottsdale, AZ MSA",541701,9187,1174,72,1276.14,63.43,0.430585097459509,0.202587527948038,Phoenix
2021-02-14,C3806,"Phoenix-Mesa-Scottsdale, AZ MSA",543017,9214,1316,27,1197.86,53.43,0.406054833119413,0.221940296662276,Phoenix
2021-02-15,C3806,"Phoenix-Mesa-Scottsdale, AZ MSA",543900,9214,883,0,1078.14,57.86,0.438362463020689,0.222625929819649,Phoenix
2021-02-16,C3806,"Phoenix-Mesa-Scottsdale, AZ MSA",544665,9214,765,0,1027.71,55.86,0.458943559367426,0.250484948435371,Phoenix
2021-02-17,C3806,"Phoenix-Mesa-Scottsdale, AZ MSA",545650,9273,985,59,1059.86,53,0.464905040928606,0.25302738058428,Phoenix
2021-02-18,C3806,"Phoenix-Mesa-Scottsdale, AZ MSA",546331,9407,681,134,1059.14,51.86,0.485486756862402,0.261417388649362,Phoenix
2021-02-19,C3806,"Phoenix-Mesa-Scottsdale, AZ MSA",547721,9506,1390,99,1097.29,51.57,0.473324316549405,0.237092484875412,Phoenix
2021-02-20,C3806,"Phoenix-Mesa-Scottsdale, AZ MSA",549120,9558,1399,52,1107.29,63.71,0.496306013119724,0.252199477250583,Phoenix
2021-02-21,C3806,"Phoenix-Mesa-Scottsdale, AZ MSA",550431,9577,1311,19,1099.29,59.86,0.452322623235718,0.209866237855243,Phoenix
2021-02-22,C3806,"Phoenix-Mesa-Scottsdale, AZ MSA",551581,9575,1150,-2,1077.86,50.86,0.522264893294427,0.27548568653922,Phoenix
2021-02-23,C3806,"Phoenix-Mesa-Scottsdale, AZ MSA",552416,9660,835,85,1039.86,45.57,0.517312935152679,0.280912038211964,Phoenix
2021-02-24,C3806,"Phoenix-Mesa-Scottsdale, AZ MSA",553345,9692,929,32,956.14,45.14,0.544191020130418,0.286620167712321,Phoenix
2021-02-25,C3806,"Phoenix-Mesa-Scottsdale, AZ MSA",553876,9763,531,71,868.29,43.86,0.568400090947261,0.28889707549602,Phoenix
2021-02-26,C3806,"Phoenix-Mesa-Scottsdale, AZ MSA",555000,9825,1124,62,815.29,44,0.576246687123585,0.300362384902644,Phoenix
2021-03-02,C3806,"Phoenix-Mesa-Scottsdale, AZ MSA",557958,9928,670,45,843.14,35.57,0.558462277764484,0.302653202396191,Phoenix
2021-03-03,C3806,"Phoenix-Mesa-Scottsdale, AZ MSA",558814,9949,856,21,892.29,33.14,0.572329407610639,0.315930306555481,Phoenix
2021-03-04,C3806,"Phoenix-Mesa-Scottsdale, AZ MSA",559665,10008,851,59,940.86,32.14,0.516197566814619,0.281547784782936,Phoenix
2021-03-07,C3806,"Phoenix-Mesa-Scottsdale, AZ MSA",563095,10109,1036,3,857.86,30.86,0.524132931110231,0.307540838963923,Phoenix
2021-03-08,C3806,"Phoenix-Mesa-Scottsdale, AZ MSA",563700,10109,605,0,983,27,0.531992452717208,0.330759375592265,Phoenix
2021-03-09,C3806,"Phoenix-Mesa-Scottsdale, AZ MSA",564153,10105,453,-4,966.43,23,0.517211287496567,0.338456556500647,Phoenix
2021-03-10,C3806,"Phoenix-Mesa-Scottsdale, AZ MSA",564819,10165,666,60,808.71,19.71,0.502382571188396,0.326741672836537,Phoenix
2021-03-11,C3806,"Phoenix-Mesa-Scottsdale, AZ MSA",566546,10197,1727,32,724.29,20.29,0.48973825063753,0.315249438066506,Phoenix
2021-03-12,C3806,"Phoenix-Mesa-Scottsdale, AZ MSA",567667,10235,1121,38,699.14,20.29,0.469050910766516,0.286922399458855,Phoenix
2021-03-13,C3806,"Phoenix-Mesa-Scottsdale, AZ MSA",567720,10244,53,9,689.14,22.86,0.444496095811411,0.264299146505447,Phoenix
2021-03-14,C3806,"Phoenix-Mesa-Scottsdale, AZ MSA",568165,10251,445,7,642.14,15,0.418553830523575,0.232469041590611,Phoenix
2021-03-15,C3806,"Phoenix-Mesa-Scottsdale, AZ MSA",568594,10251,429,0,386.57,16,0.451676063574983,0.24856106396848,Phoenix
2021-03-16,C3806,"Phoenix-Mesa-Scottsdale, AZ MSA",568977,10265,383,14,263.57,15.14,0.478545635303045,0.26193495335652,Phoenix
2021-03-17,C3806,"Phoenix-Mesa-Scottsdale, AZ MSA",569314,10270,337,5,295.86,17.57,0.498482467913601,0.286770030842311,Phoenix
2021-03-27,C3806,"Phoenix-Mesa-Scottsdale, AZ MSA",572335,10490,575,11,377.43,13.86,0.479026360971361,0.276950334875033,Phoenix
2021-03-28,C3806,"Phoenix-Mesa-Scottsdale, AZ MSA",572687,10494,352,4,362,11.86,0.488485968428976,0.307744366540579,Phoenix
2021-03-29,C3806,"Phoenix-Mesa-Scottsdale, AZ MSA",573072,10494,385,0,387.86,9.43,0.483357168304919,0.288040699729086,Phoenix
2021-03-30,C3806,"Phoenix-Mesa-Scottsdale, AZ MSA",573485,10508,413,14,413.29,6.86,0.457185871990823,0.253275125851447,Phoenix
2021-03-31,C3806,"Phoenix-Mesa-Scottsdale, AZ MSA",573861,10525,376,17,397,4.57,0.439361412284824,0.238421152269566,Phoenix
2021-04-01,C3806,"Phoenix-Mesa-Scottsdale, AZ MSA",574087,10529,226,4,391.43,4.57,0.52828380364574,0.298009928399326,Phoenix
2021-04-02,C3806,"Phoenix-Mesa-Scottsdale, AZ MSA",574653,10527,566,-2,400.14,4.57,0.606253049961411,0.338753775062974,Phoenix
2021-04-03,C3806,"Phoenix-Mesa-Scottsdale, AZ MSA",575114,10522,461,-5,404.29,2.86,0.615812859393821,0.343878418605612,Phoenix
2021-04-04,C3806,"Phoenix-Mesa-Scottsdale, AZ MSA",575427,10526,313,4,432.14,3.86,0.594341929924883,0.331810244415924,Phoenix
2021-04-05,C3806,"Phoenix-Mesa-Scottsdale, AZ MSA",575873,10526,446,0,456,5.86,0.573264742515207,0.336771852160941,Phoenix
2021-04-06,C3806,"Phoenix-Mesa-Scottsdale, AZ MSA",576315,10528,442,2,438.29,6.86,0.560705403700359,0.333540584322169,Phoenix
2021-04-07,C3806,"Phoenix-Mesa-Scottsdale, AZ MSA",576886,10552,571,24,458.57,10.43,0.53900770781241,0.322929249358907,Phoenix
2021-04-08,C3806,"Phoenix-Mesa-Scottsdale, AZ MSA",577279,10570,393,18,460.86,9.14,0.407494415750128,0.226607976612929,Phoenix
2021-04-09,C3806,"Phoenix-Mesa-Scottsdale, AZ MSA",577721,10575,442,5,470.14,9.14,0.315016253644726,0.168626752009972,Phoenix
2021-04-13,C3806,"Phoenix-Mesa-Scottsdale, AZ MSA",579654,10604,490,14,455.86,8.14,0.392244237006745,0.235336060673197,Phoenix
2021-04-14,C3806,"Phoenix-Mesa-Scottsdale, AZ MSA",579888,10605,234,1,408,4.71,0.471176297010234,0.282823269231834,Phoenix
2021-04-15,C3806,"Phoenix-Mesa-Scottsdale, AZ MSA",580179,10613,291,8,441.14,5.57,0.495314038334308,0.287222403735935,Phoenix
2021-04-16,C3806,"Phoenix-Mesa-Scottsdale, AZ MSA",580912,10632,733,19,441.86,5.57,0.496603106672013,0.293273622230042,Phoenix
2021-04-17,C3806,"Phoenix-Mesa-Scottsdale, AZ MSA",581180,10628,268,-4,453.71,6.57,0.465051258662712,0.278823006610918,Phoenix
2021-04-18,C3806,"Phoenix-Mesa-Scottsdale, AZ MSA",581741,10629,561,1,485.57,6.71,0.47693432510563,0.297091842370837,Phoenix
2021-04-19,C3806,"Phoenix-Mesa-Scottsdale, AZ MSA",582257,10629,516,0,493.86,7.86,0.46414142174545,0.28755701068968,Phoenix
2021-04-20,C3806,"Phoenix-Mesa-Scottsdale, AZ MSA",582830,10650,573,21,480.29,6.71,0.388908344339543,0.214755706952564,Phoenix
2021-04-21,C3806,"Phoenix-Mesa-Scottsdale, AZ MSA",583287,10652,457,2,529.14,10,0.420103852845976,0.170321670711805,Phoenix
2021-04-22,C3806,"Phoenix-Mesa-Scottsdale, AZ MSA",583636,10668,349,16,523.29,10.71,0.446286011599048,0.166566450832442,Phoenix
2021-04-23,C3806,"Phoenix-Mesa-Scottsdale, AZ MSA",584274,10679,638,11,534.86,10.71,0.450839619416751,0.161015591064064,Phoenix
2021-04-24,C3806,"Phoenix-Mesa-Scottsdale, AZ MSA",584884,10698,610,19,530.14,8.29,0.478188358248541,0.169560675922708,Phoenix
2021-04-25,C3806,"Phoenix-Mesa-Scottsdale, AZ MSA",585404,10704,520,6,531.71,9,0.483896359240349,0.175012243052627,Phoenix
2021-04-26,C3806,"Phoenix-Mesa-Scottsdale, AZ MSA",586001,10704,597,0,582.71,9,0.483602753090902,0.17440711888324,Phoenix
2021-04-27,C3806,"Phoenix-Mesa-Scottsdale, AZ MSA",586541,10708,540,4,592.43,9.57,0.477403752146008,0.173928564218912,Phoenix
2021-04-28,C3806,"Phoenix-Mesa-Scottsdale, AZ MSA",587009,10715,468,7,629.57,7.14,0.375536281848501,0.161169654858785,Phoenix
2021-04-29,C3806,"Phoenix-Mesa-Scottsdale, AZ MSA",587715,10731,706,16,588.14,7.14,0.340466167913357,0.16634917327112,Phoenix
2021-04-30,C3806,"Phoenix-Mesa-Scottsdale, AZ MSA",588421,10746,706,15,575.71,7.14,0.335498609015988,0.163176030429443,Phoenix
2021-05-01,C3806,"Phoenix-Mesa-Scottsdale, AZ MSA",589291,10748,870,2,575.86,7.29,0.321651106932349,0.161760923866153,Phoenix
2021-05-02,C3806,"Phoenix-Mesa-Scottsdale, AZ MSA",589521,10754,230,6,597.71,6.71,0.308939979238028,0.135072745892261,Phoenix
2021-05-03,C3806,"Phoenix-Mesa-Scottsdale, AZ MSA",590031,10754,510,0,554,5.57,0.315876910271703,0.140019519228447,Phoenix
2021-05-04,C3806,"Phoenix-Mesa-Scottsdale, AZ MSA",590572,10759,541,5,551.71,5.71,0.338709861053814,0.159420977969944,Phoenix
2021-05-05,C3806,"Phoenix-Mesa-Scottsdale, AZ MSA",591193,10762,621,3,530.71,6.71,0.370535827219499,0.193248566611921,Phoenix
2021-05-06,C3806,"Phoenix-Mesa-Scottsdale, AZ MSA",591593,10770,400,8,549.86,6.29,0.358408237252215,0.183761403238356,Phoenix
2021-05-07,C3806,"Phoenix-Mesa-Scottsdale, AZ MSA",592283,10786,690,16,550.86,6.29,0.344528893223135,0.176234405903349,Phoenix
2021-05-08,C3806,"Phoenix-Mesa-Scottsdale, AZ MSA",593006,10795,723,9,549.71,7,0.325616032385786,0.165629323704276,Phoenix
2021-05-09,C3806,"Phoenix-Mesa-Scottsdale, AZ MSA",593370,10798,364,3,520.29,6.86,0.32695778276039,0.183140672835749,Phoenix
2021-05-10,C3806,"Phoenix-Mesa-Scottsdale, AZ MSA",593887,10798,517,0,520.71,6.71,0.3728789756894,0.222563678178504,Phoenix
2021-05-11,C3806,"Phoenix-Mesa-Scottsdale, AZ MSA",594420,10808,533,10,533.14,5.43,0.413303981095723,0.203501683982529,Phoenix
2021-05-12,C3806,"Phoenix-Mesa-Scottsdale, AZ MSA",594835,10810,415,2,483.86,5,0.384338185337891,0.164877008817477,Phoenix
2021-05-13,C3806,"Phoenix-Mesa-Scottsdale, AZ MSA",595238,10817,403,7,492.71,4.57,0.399272409304422,0.159545093054536,Phoenix
2021-05-14,C3806,"Phoenix-Mesa-Scottsdale, AZ MSA",596015,10824,777,7,472.43,5.29,0.465518081586472,0.198933242659076,Phoenix
2021-05-15,C3806,"Phoenix-Mesa-Scottsdale, AZ MSA",596393,10830,378,6,468.86,5.14,0.482681264168421,0.200890470351501,Phoenix
2021-05-16,C3806,"Phoenix-Mesa-Scottsdale, AZ MSA",596819,10830,426,0,476.14,6.86,0.471543992943432,0.198748487379919,Phoenix
2021-05-17,C3806,"Phoenix-Mesa-Scottsdale, AZ MSA",597194,10835,375,5,490.29,7.57,0.436821082174942,0.156787110549734,Phoenix
2021-05-18,C3806,"Phoenix-Mesa-Scottsdale, AZ MSA",597702,10844,508,9,429.29,9,0.368614443197512,0.153629223119744,Phoenix
2021-05-19,C3806,"Phoenix-Mesa-Scottsdale, AZ MSA",598168,10858,466,14,457.29,9.57,0.356766220712926,0.152014119158049,Phoenix
2021-05-20,C3806,"Phoenix-Mesa-Scottsdale, AZ MSA",598670,10870,502,12,435.43,10.57,0.327518028272121,0.150592527279576,Phoenix
2021-05-21,C3806,"Phoenix-Mesa-Scottsdale, AZ MSA",599020,10887,350,17,431.29,9.86,0.248262124782098,0.107451609516748,Phoenix
2021-05-22,C3806,"Phoenix-Mesa-Scottsdale, AZ MSA",599594,10897,574,10,419.29,9.43,0.243076719651053,0.104616409719775,Phoenix
2021-05-23,C3806,"Phoenix-Mesa-Scottsdale, AZ MSA",599867,10904,273,7,428.57,8.71,0.236959027864616,0.0899834281484772,Phoenix
2021-05-24,C3806,"Phoenix-Mesa-Scottsdale, AZ MSA",600213,10904,346,0,443,8.71,0.240915879547413,0.112304736659162,Phoenix
2021-05-25,C3806,"Phoenix-Mesa-Scottsdale, AZ MSA",600637,10910,424,6,494.43,7.57,0.249679528596776,0.112823497350924,Phoenix
2021-05-26,C3806,"Phoenix-Mesa-Scottsdale, AZ MSA",601168,10919,531,9,474.71,9,0.276499998686872,0.120928526262698,Phoenix
2021-05-27,C3806,"Phoenix-Mesa-Scottsdale, AZ MSA",601771,10931,603,12,435.71,8.43,0.296505924320174,0.122972077068506,Phoenix
2021-05-28,C3806,"Phoenix-Mesa-Scottsdale, AZ MSA",602481,10940,710,9,466,8.43,0.3141434092287,0.11782046521792,Phoenix
2021-05-29,C3806,"Phoenix-Mesa-Scottsdale, AZ MSA",602917,10960,436,20,406,7.57,0.335541457967623,0.130187434372658,Phoenix
2021-05-30,C3806,"Phoenix-Mesa-Scottsdale, AZ MSA",602917,10963,0,3,441.86,8.14,0.342984658135992,0.138419041399483,Phoenix
2021-05-31,C3806,"Phoenix-Mesa-Scottsdale, AZ MSA",603475,10963,558,0,393.71,7.71,0.349993207035698,0.123135610172867,Phoenix
2021-06-01,C3806,"Phoenix-Mesa-Scottsdale, AZ MSA",603479,10963,4,0,331.29,7.86,0.355851685444283,0.125536228744061,Phoenix
2021-06-02,C3806,"Phoenix-Mesa-Scottsdale, AZ MSA",604261,10976,782,13,312,7.57,0.326384533649992,0.114183238146478,Phoenix
2021-06-03,C3806,"Phoenix-Mesa-Scottsdale, AZ MSA",604527,10985,266,9,393.14,7.43,0.326987654142977,0.123034426801652,Phoenix
2021-06-04,C3806,"Phoenix-Mesa-Scottsdale, AZ MSA",604800,10995,273,10,354.43,7.43,0.322216394392909,0.140564405286449,Phoenix
2021-06-05,C3806,"Phoenix-Mesa-Scottsdale, AZ MSA",605101,11013,301,18,406.86,8.86,0.305418147241287,0.128862472979784,Phoenix
2021-06-06,C3806,"Phoenix-Mesa-Scottsdale, AZ MSA",605669,11015,568,2,359.14,7.29,0.298548667155961,0.12448742124302,Phoenix
2021-06-07,C3806,"Phoenix-Mesa-Scottsdale, AZ MSA",605956,11015,287,0,358.57,8.14,0.283775167824531,0.120601117290627,Phoenix
2021-06-08,C3806,"Phoenix-Mesa-Scottsdale, AZ MSA",606327,11025,371,10,360.86,6.71,0.290942611943105,0.119876146260022,Phoenix
2021-06-09,C3806,"Phoenix-Mesa-Scottsdale, AZ MSA",606775,11027,448,2,385.29,6,0.328542609336056,0.140718910645234,Phoenix
2021-06-10,C3806,"Phoenix-Mesa-Scottsdale, AZ MSA",607037,11042,262,15,343,6.71,0.337203927994008,0.143204061159587,Phoenix
2021-06-11,C3806,"Phoenix-Mesa-Scottsdale, AZ MSA",607326,11042,289,0,343.71,6.71,0.344931043249686,0.13889722922167,Phoenix
2021-06-12,C3806,"Phoenix-Mesa-Scottsdale, AZ MSA",607798,11055,472,13,340.14,6,0.359254852773495,0.140731006210726,Phoenix
2021-06-13,C3806,"Phoenix-Mesa-Scottsdale, AZ MSA",608070,11062,272,7,324.57,7.14,0.351714881755502,0.13460692699324,Phoenix
2021-06-14,C3806,"Phoenix-Mesa-Scottsdale, AZ MSA",608362,11062,292,0,312.29,7.14,0.361259470914293,0.143403042487005,Phoenix
2021-06-15,C3806,"Phoenix-Mesa-Scottsdale, AZ MSA",608708,11067,346,5,307.29,8.14,0.391740811792732,0.15579153763983,Phoenix
2021-06-16,C3806,"Phoenix-Mesa-Scottsdale, AZ MSA",609047,11077,339,10,323.43,9.29,0.491610628982829,0.158221433116153,Phoenix
2021-06-17,C3806,"Phoenix-Mesa-Scottsdale, AZ MSA",609223,11092,176,15,332.71,9,0.541293549719039,0.144776722847207,Phoenix
2021-06-18,C3806,"Phoenix-Mesa-Scottsdale, AZ MSA",609477,11099,254,7,334,9,0.562957482439775,0.15732867551805,Phoenix
2021-06-19,C3806,"Phoenix-Mesa-Scottsdale, AZ MSA",610062,11120,585,21,332.29,9.86,0.554092587644648,0.157694445014254,Phoenix
2021-06-20,C3806,"Phoenix-Mesa-Scottsdale, AZ MSA",610399,11125,337,5,331.57,9.14,0.646152154560702,0.18944153164366,Phoenix
2021-06-21,C3806,"Phoenix-Mesa-Scottsdale, AZ MSA",610700,11125,301,0,374,7.71,0.642776342443152,0.172788815771484,Phoenix
2021-06-22,C3806,"Phoenix-Mesa-Scottsdale, AZ MSA",611034,11136,334,11,403,9.43,0.579695331826119,0.150327591775912,Phoenix
2021-06-23,C3806,"Phoenix-Mesa-Scottsdale, AZ MSA",611368,11141,334,5,359.86,7.57,0.448588882831565,0.139726890058275,Phoenix
2021-06-24,C3806,"Phoenix-Mesa-Scottsdale, AZ MSA",611841,11146,473,5,357.86,6.71,0.42410196111208,0.168361605535749,Phoenix
2021-06-25,C3806,"Phoenix-Mesa-Scottsdale, AZ MSA",612298,11165,457,19,357.86,6.71,0.434506822491382,0.171699768969759,Phoenix
2021-06-26,C3806,"Phoenix-Mesa-Scottsdale, AZ MSA",612581,11173,283,8,367.43,6.71,0.464191900010762,0.170748541579578,Phoenix
2021-06-27,C3806,"Phoenix-Mesa-Scottsdale, AZ MSA",612904,11172,323,-1,402.29,6.57,0.395181907954238,0.147503097959132,Phoenix
2021-06-28,C3806,"Phoenix-Mesa-Scottsdale, AZ MSA",613205,11172,301,0,378,6.14,0.388858157488917,0.15136441103666,Phoenix
2021-06-29,C3806,"Phoenix-Mesa-Scottsdale, AZ MSA",613606,11183,401,11,360.86,5.29,0.420912419983388,0.160550611832768,Phoenix
2021-06-30,C3806,"Phoenix-Mesa-Scottsdale, AZ MSA",614184,11187,578,4,394.14,5.71,0.486893233351055,0.17996787560348,Phoenix
2021-07-01,C3806,"Phoenix-Mesa-Scottsdale, AZ MSA",614487,11189,303,2,403.43,6.43,0.505672292160267,0.181774760671289,Phoenix
2021-07-02,C3806,"Phoenix-Mesa-Scottsdale, AZ MSA",614824,11202,337,13,360.57,6.43,0.480623461328343,0.171875870110828,Phoenix
2021-07-03,C3806,"Phoenix-Mesa-Scottsdale, AZ MSA",615340,11213,516,11,406,6.29,0.507042029526146,0.186982767801258,Phoenix
2021-07-04,C3806,"Phoenix-Mesa-Scottsdale, AZ MSA",615728,11217,388,4,363.86,6.29,0.506837794423014,0.195251481839097,Phoenix
2021-07-05,C3806,"Phoenix-Mesa-Scottsdale, AZ MSA",615729,11217,1,0,372.43,6,0.521331432697365,0.196585452220494,Phoenix
2021-07-06,C3806,"Phoenix-Mesa-Scottsdale, AZ MSA",616448,11227,719,10,421.86,5,0.502008259537827,0.19155269535216,Phoenix
2021-07-07,C3806,"Phoenix-Mesa-Scottsdale, AZ MSA",616731,11231,283,4,430.57,5.14,0.44902970969272,0.16799935245439,Phoenix
2021-07-08,C3806,"Phoenix-Mesa-Scottsdale, AZ MSA",617094,11231,363,0,467.14,4.86,0.509457430345531,0.13682372672254,Phoenix
2021-07-09,C3806,"Phoenix-Mesa-Scottsdale, AZ MSA",617777,11237,683,6,479.14,4.86,0.497166024223938,0.119231329296592,Phoenix
2021-07-10,C3806,"Phoenix-Mesa-Scottsdale, AZ MSA",618354,11249,577,12,403.86,4.86,0.423053400905622,0.095445604142408,Phoenix
2021-07-11,C3806,"Phoenix-Mesa-Scottsdale, AZ MSA",618998,11251,644,2,576.14,7.29,0.433809425785439,0.0815533008310784,Phoenix
2021-07-12,C3806,"Phoenix-Mesa-Scottsdale, AZ MSA",619083,11251,85,0,629.29,8,0.444821696054166,0.100520637036067,Phoenix
2021-07-13,C3806,"Phoenix-Mesa-Scottsdale, AZ MSA",619275,11261,192,10,666.43,8.86,0.467716148081546,0.112483459873781,Phoenix
2021-07-14,C3806,"Phoenix-Mesa-Scottsdale, AZ MSA",620764,11282,1489,21,584,7.14,0.573139409298331,0.188243434471566,Phoenix
2021-07-15,C3806,"Phoenix-Mesa-Scottsdale, AZ MSA",621499,11287,735,5,726.29,8,0.531844184067468,0.233605844768629,Phoenix
2021-07-16,C3806,"Phoenix-Mesa-Scottsdale, AZ MSA",622442,11299,943,12,821.86,8,0.53724109810322,0.242267618566519,Phoenix
2021-07-17,C3806,"Phoenix-Mesa-Scottsdale, AZ MSA",622442,11299,0,0,919.14,6.14,0.54790370821679,0.258562450442374,Phoenix
2021-07-18,C3806,"Phoenix-Mesa-Scottsdale, AZ MSA",624082,11307,1640,8,818.43,4.29,0.57129059314663,0.286493940950095,Phoenix
2021-07-19,C3806,"Phoenix-Mesa-Scottsdale, AZ MSA",624836,11307,754,0,829.14,5.14,0.537078611429814,0.262779297197858,Phoenix
2021-07-20,C3806,"Phoenix-Mesa-Scottsdale, AZ MSA",625709,11304,873,-3,861.86,4.14,0.570765839925314,0.2846544042878,Phoenix
2021-07-21,C3806,"Phoenix-Mesa-Scottsdale, AZ MSA",626493,11312,784,8,1031.57,5.43,0.489657403066975,0.239679590884347,Phoenix
2021-07-22,C3806,"Phoenix-Mesa-Scottsdale, AZ MSA",627303,11323,810,11,969.43,4.14,0.485217502277585,0.264977626314094,Phoenix
2021-07-23,C3806,"Phoenix-Mesa-Scottsdale, AZ MSA",628475,11328,1172,5,1025.86,4.14,0.478556720769158,0.269723600561453,Phoenix
2021-07-24,C3806,"Phoenix-Mesa-Scottsdale, AZ MSA",629663,11337,1188,9,1066.14,5.71,0.589643362991058,0.34799178537675,Phoenix
2021-07-25,C3806,"Phoenix-Mesa-Scottsdale, AZ MSA",630868,11336,1205,-1,1103.71,4.43,0.639510452200839,0.383029166536499,Phoenix
2021-07-26,C3806,"Phoenix-Mesa-Scottsdale, AZ MSA",632017,11336,1149,0,1171,4.86,0.65940625287574,0.418267090851954,Phoenix
2021-07-27,C3806,"Phoenix-Mesa-Scottsdale, AZ MSA",633172,11344,1155,8,1226.29,5.86,0.635781783285923,0.396046440215462,Phoenix
2021-07-28,C3806,"Phoenix-Mesa-Scottsdale, AZ MSA",634219,11343,1047,-1,1271.14,6.14,0.638240912773241,0.371810436096529,Phoenix
2021-07-29,C3806,"Phoenix-Mesa-Scottsdale, AZ MSA",635500,11357,1281,14,1383.29,7,0.686391274874833,0.376392852821184,Phoenix
2021-07-30,C3806,"Phoenix-Mesa-Scottsdale, AZ MSA",637059,11369,1559,12,1433.57,7.14,0.725217445257951,0.391391569011905,Phoenix
2021-07-31,C3806,"Phoenix-Mesa-Scottsdale, AZ MSA",638561,11380,1502,11,1499.71,8.57,0.61703999029879,0.309515492871239,Phoenix
2021-08-01,C3806,"Phoenix-Mesa-Scottsdale, AZ MSA",640551,11385,1990,5,1582.14,9.43,0.534993927127987,0.258612555840669,Phoenix
2021-08-02,C3806,"Phoenix-Mesa-Scottsdale, AZ MSA",642052,11386,1501,1,1661,9,0.520355077118428,0.242135130138067,Phoenix
2021-08-03,C3806,"Phoenix-Mesa-Scottsdale, AZ MSA",643670,11404,1618,18,1738.57,10.43,0.479846764382393,0.225574569320081,Phoenix
2021-08-04,C3806,"Phoenix-Mesa-Scottsdale, AZ MSA",645294,11409,1624,5,1830,12.43,0.470306902253657,0.228966070413388,Phoenix
2021-08-05,C3806,"Phoenix-Mesa-Scottsdale, AZ MSA",647127,11420,1833,11,1843.43,12.43,0.393639416481169,0.192089707568842,Phoenix
2021-08-06,C3806,"Phoenix-Mesa-Scottsdale, AZ MSA",649229,11442,2102,22,1888.14,12.29,0.476313534364088,0.248114796353353,Phoenix
2021-08-07,C3806,"Phoenix-Mesa-Scottsdale, AZ MSA",651371,11467,2142,25,1942,10.57,0.532343522917874,0.287332607816368,Phoenix
2021-08-08,C3806,"Phoenix-Mesa-Scottsdale, AZ MSA",653455,11472,2084,5,1938.57,10.43,0.573111482829185,0.331270152749056,Phoenix
2021-08-09,C3806,"Phoenix-Mesa-Scottsdale, AZ MSA",655269,11472,1814,0,1990.43,9.57,0.605568435981874,0.331729514604352,Phoenix
2021-08-10,C3806,"Phoenix-Mesa-Scottsdale, AZ MSA",657264,11478,1995,6,2023.86,8.71,0.690167780396033,0.370327665424725,Phoenix
2021-08-11,C3806,"Phoenix-Mesa-Scottsdale, AZ MSA",658864,11482,1600,4,2090.29,7.14,0.682030712214928,0.357043818039955,Phoenix
2021-08-12,C3806,"Phoenix-Mesa-Scottsdale, AZ MSA",661060,11487,2196,5,2124,6.57,0.663190617590978,0.328010119631048,Phoenix
2021-08-13,C3806,"Phoenix-Mesa-Scottsdale, AZ MSA",663396,11503,2336,16,2143.86,6.57,0.522623355778259,0.242432222320894,Phoenix
2021-08-14,C3806,"Phoenix-Mesa-Scottsdale, AZ MSA",666003,11517,2607,14,2157,6,0.47996830601126,0.210477193471724,Phoenix
2021-08-15,C3806,"Phoenix-Mesa-Scottsdale, AZ MSA",668323,11518,2320,1,2176.43,9,0.451060372315,0.183456806303943,Phoenix
2021-08-16,C3806,"Phoenix-Mesa-Scottsdale, AZ MSA",670276,11518,1953,0,2235.29,8.57,0.521030214852654,0.230096639713345,Phoenix
2021-08-17,C3806,"Phoenix-Mesa-Scottsdale, AZ MSA",672363,11520,2087,2,2236.43,11,0.510146882095683,0.25181708097627,Phoenix
2021-08-18,C3806,"Phoenix-Mesa-Scottsdale, AZ MSA",674099,11545,1736,25,2198,12.14,0.493343923050521,0.256440327998792,Phoenix
2021-08-19,C3806,"Phoenix-Mesa-Scottsdale, AZ MSA",676707,11547,2608,2,2241.86,12,0.469249415588925,0.250036264110098,Phoenix
2021-08-20,C3806,"Phoenix-Mesa-Scottsdale, AZ MSA",679051,11580,2344,33,2253.71,12,0.500761736954917,0.268570042502267,Phoenix
2021-08-21,C3806,"Phoenix-Mesa-Scottsdale, AZ MSA",681389,11602,2338,22,2257.57,15.71,0.519777838115369,0.27991941705852,Phoenix
2021-08-22,C3806,"Phoenix-Mesa-Scottsdale, AZ MSA",684016,11602,2627,0,2009.57,12.14,0.620698375347926,0.372360633473921,Phoenix
2021-08-23,C3806,"Phoenix-Mesa-Scottsdale, AZ MSA",686052,11602,2036,0,2334,13.43,0.60223275133779,0.361691445954124,Phoenix
2021-08-24,C3806,"Phoenix-Mesa-Scottsdale, AZ MSA",688166,11630,2114,28,2406.57,15.29,0.565659135590121,0.333072564611632,Phoenix
2021-08-25,C3806,"Phoenix-Mesa-Scottsdale, AZ MSA",688166,11630,0,0,2451.29,16.71,0.574994602193473,0.337413231380163,Phoenix
2021-08-26,C3806,"Phoenix-Mesa-Scottsdale, AZ MSA",693045,11641,4879,11,2314.71,17.29,0.568765237895517,0.336737487720923,Phoenix
2021-08-27,C3806,"Phoenix-Mesa-Scottsdale, AZ MSA",695897,11687,2852,46,2374.57,17.29,0.561477029472628,0.322599481107431,Phoenix
2021-08-28,C3806,"Phoenix-Mesa-Scottsdale, AZ MSA",698548,11719,2651,32,2136.43,13.14,0.546933689077875,0.298403844706336,Phoenix
2021-08-29,C3806,"Phoenix-Mesa-Scottsdale, AZ MSA",700219,11723,1671,4,2664.43,19.29,0.418249391844929,0.182216436902244,Phoenix
2021-08-30,C3806,"Phoenix-Mesa-Scottsdale, AZ MSA",702674,11723,2455,0,2320.57,19.86,0.337765537524407,0.131528593032706,Phoenix
2021-08-31,C3806,"Phoenix-Mesa-Scottsdale, AZ MSA",703121,11722,447,-1,2332.14,20.57,0.486741981548809,0.21905547324201,Phoenix
2021-09-01,C3806,"Phoenix-Mesa-Scottsdale, AZ MSA",706817,11765,3696,43,2293,18.29,0.512990052172316,0.23902770074041,Phoenix
2021-09-02,C3806,"Phoenix-Mesa-Scottsdale, AZ MSA",709289,11780,2472,15,2396.71,17.86,0.517775668647215,0.237626064335817,Phoenix
2021-09-03,C3806,"Phoenix-Mesa-Scottsdale, AZ MSA",712222,11831,2933,51,2305.29,17.86,0.576164361329152,0.262647346482487,Phoenix
2021-09-04,C3806,"Phoenix-Mesa-Scottsdale, AZ MSA",714599,11847,2377,16,2448,22.86,0.61073913604802,0.282189778375567,Phoenix
2021-09-05,C3806,"Phoenix-Mesa-Scottsdale, AZ MSA",716996,11848,2397,1,2172.29,19.29,0.610313925970587,0.279513010075392,Phoenix
2021-09-06,C3806,"Phoenix-Mesa-Scottsdale, AZ MSA",718811,11848,1815,0,2067.57,24.14,0.611232082462164,0.287820575126467,Phoenix
2021-09-07,C3806,"Phoenix-Mesa-Scottsdale, AZ MSA",720257,11882,1446,34,1955.71,17.29,0.446941828348956,0.184281008146846,Phoenix
2021-09-08,C3806,"Phoenix-Mesa-Scottsdale, AZ MSA",722023,11900,1766,18,1957.29,18.14,0.493791132767695,0.184072972946006,Phoenix
2021-09-09,C3806,"Phoenix-Mesa-Scottsdale, AZ MSA",723762,11949,1739,49,1913.57,18.43,0.564721307661073,0.238256183953158,Phoenix
2021-09-10,C3806,"Phoenix-Mesa-Scottsdale, AZ MSA",725912,11952,2150,3,1894.43,18.43,0.536530180565667,0.225329694148736,Phoenix
2021-09-11,C3806,"Phoenix-Mesa-Scottsdale, AZ MSA",728300,11974,2388,22,1965.14,23.43,0.570048640186102,0.242523686974215,Phoenix
2021-09-12,C3806,"Phoenix-Mesa-Scottsdale, AZ MSA",730391,11977,2091,3,1970.29,22.71,0.603101234802968,0.258659498622977,Phoenix
2021-09-13,C3806,"Phoenix-Mesa-Scottsdale, AZ MSA",732072,11977,1681,0,1990,19.29,0.632608135792628,0.27336774874502,Phoenix
2021-09-14,C3806,"Phoenix-Mesa-Scottsdale, AZ MSA",734013,12046,1941,69,1987.14,21.14,0.63957882781229,0.271683110009793,Phoenix
2021-09-15,C3806,"Phoenix-Mesa-Scottsdale, AZ MSA",735815,12059,1802,13,1923.14,29,0.571573649187169,0.245250938214246,Phoenix
2021-09-16,C3806,"Phoenix-Mesa-Scottsdale, AZ MSA",737692,12084,1877,25,1879.71,32.29,0.539420486986611,0.197996894922506,Phoenix
2021-09-17,C3806,"Phoenix-Mesa-Scottsdale, AZ MSA",739822,12100,2130,16,1845.14,32.14,0.527595224716008,0.193615521713489,Phoenix
2021-09-18,C3806,"Phoenix-Mesa-Scottsdale, AZ MSA",741762,12177,1940,77,1774.71,27.14,0.446594296878652,0.162110554083994,Phoenix
2021-09-19,C3806,"Phoenix-Mesa-Scottsdale, AZ MSA",743549,12203,1787,26,1723.29,30.14,0.476792668068132,0.168402692254401,Phoenix
2021-09-20,C3806,"Phoenix-Mesa-Scottsdale, AZ MSA",744988,12202,1439,-1,1778.29,33.57,0.537967852749097,0.18139884240951,Phoenix
2021-09-21,C3806,"Phoenix-Mesa-Scottsdale, AZ MSA",746436,12236,1448,34,1785.14,31.71,0.566789888445699,0.187354233445278,Phoenix
2021-09-22,C3806,"Phoenix-Mesa-Scottsdale, AZ MSA",747878,12270,1442,34,1809.29,27.43,0.574758093608559,0.204166741892365,Phoenix
2021-09-23,C3806,"Phoenix-Mesa-Scottsdale, AZ MSA",750140,12319,2262,49,1846.86,24.43,0.553953807949837,0.212607641141694,Phoenix
2021-09-24,C3806,"Phoenix-Mesa-Scottsdale, AZ MSA",752318,12322,2178,3,1848.71,24.57,0.558275249160508,0.20781342907206,Phoenix
2021-09-25,C3806,"Phoenix-Mesa-Scottsdale, AZ MSA",754427,12369,2109,47,1768.71,27.71,0.565452699560799,0.215273038446026,Phoenix
2021-09-26,C3806,"Phoenix-Mesa-Scottsdale, AZ MSA",756477,12374,2050,5,1905,25.71,0.520973689535737,0.21197638060825,Phoenix
2021-09-27,C3806,"Phoenix-Mesa-Scottsdale, AZ MSA",757929,12374,1452,0,1859.86,21.29,0.474971288262212,0.200207792724024,Phoenix
2021-09-28,C3806,"Phoenix-Mesa-Scottsdale, AZ MSA",758817,12430,888,56,1933,26.86,0.428695958371219,0.193263099666078,Phoenix
2021-09-29,C3806,"Phoenix-Mesa-Scottsdale, AZ MSA",761213,12450,2396,20,1926.43,29.14,0.414401034331316,0.179666812908563,Phoenix
2021-09-30,C3806,"Phoenix-Mesa-Scottsdale, AZ MSA",763159,12468,1946,18,1873.43,29.43,0.402810210330664,0.170654774636242,Phoenix
2021-10-01,C3806,"Phoenix-Mesa-Scottsdale, AZ MSA",765849,12510,2690,42,1876.86,29.43,0.362016967902167,0.171270188952515,Phoenix
2021-10-02,C3806,"Phoenix-Mesa-Scottsdale, AZ MSA",767912,12573,2063,63,1982.71,28.71,0.354662032714858,0.173692083904418,Phoenix
2021-10-03,C3806,"Phoenix-Mesa-Scottsdale, AZ MSA",769591,12580,1679,7,1861.14,30.57,0.341206673537694,0.161131656862788,Phoenix
2021-10-04,C3806,"Phoenix-Mesa-Scottsdale, AZ MSA",771067,12580,1476,0,1827.43,30.14,0.280672632768996,0.132338204026014,Phoenix
2021-10-05,C3806,"Phoenix-Mesa-Scottsdale, AZ MSA",772696,12631,1629,51,1711,28.29,0.296715683288696,0.12005935461823,Phoenix
2021-10-06,C3806,"Phoenix-Mesa-Scottsdale, AZ MSA",774241,12664,1545,33,1650.14,23.86,0.298743142650421,0.126550068377315,Phoenix
2021-10-07,C3806,"Phoenix-Mesa-Scottsdale, AZ MSA",775951,12679,1710,15,1626,27.71,0.323305796101916,0.128696918956667,Phoenix
2021-10-08,C3806,"Phoenix-Mesa-Scottsdale, AZ MSA",777826,12708,1875,29,1574.43,27.71,0.338625756780738,0.123106359120002,Phoenix
2021-10-09,C3806,"Phoenix-Mesa-Scottsdale, AZ MSA",779463,12740,1637,32,1560.86,27.14,0.309048178623038,0.101546263817513,Phoenix
2021-10-10,C3806,"Phoenix-Mesa-Scottsdale, AZ MSA",780973,12774,1510,34,1580,23.57,0.294568509875059,0.0960009442591403,Phoenix
2021-10-11,C3806,"Phoenix-Mesa-Scottsdale, AZ MSA",782088,12774,1115,0,1575.86,21.86,0.379326018738529,0.139694120104634,Phoenix
2021-10-12,C3806,"Phoenix-Mesa-Scottsdale, AZ MSA",783622,12821,1534,47,1537.71,22.71,0.419872345508206,0.159348061087509,Phoenix
2021-10-13,C3806,"Phoenix-Mesa-Scottsdale, AZ MSA",785301,12829,1679,8,1536,19.71,0.486168248518239,0.178127325301556,Phoenix
2021-10-14,C3806,"Phoenix-Mesa-Scottsdale, AZ MSA",786982,12832,1681,3,1320.29,14.86,0.454752650314448,0.184945391397292,Phoenix
2021-10-15,C3806,"Phoenix-Mesa-Scottsdale, AZ MSA",788590,12867,1608,35,1161,14.86,0.467637783251484,0.203741782754237,Phoenix
2021-10-16,C3806,"Phoenix-Mesa-Scottsdale, AZ MSA",790215,12878,1625,11,1493.57,24,0.486457196074085,0.212495755607747,Phoenix
2021-10-17,C3806,"Phoenix-Mesa-Scottsdale, AZ MSA",790215,12878,0,0,1445.43,28.86,0.510034032801389,0.220268705234772,Phoenix
2021-10-18,C3806,"Phoenix-Mesa-Scottsdale, AZ MSA",790215,12878,0,0,1421.29,33.29,0.421753868815264,0.170827477441226,Phoenix
2021-10-19,C3806,"Phoenix-Mesa-Scottsdale, AZ MSA",794077,12989,3862,111,1491.57,32.43,0.360192432066895,0.159718413002942,Phoenix
2021-10-20,C3806,"Phoenix-Mesa-Scottsdale, AZ MSA",795419,13031,1342,42,1513.71,33.43,0.305833907154954,0.133996329703219,Phoenix
2021-10-21,C3806,"Phoenix-Mesa-Scottsdale, AZ MSA",796931,13065,1512,34,1657.71,34.29,0.376684483132648,0.160303555212837,Phoenix
2021-10-22,C3806,"Phoenix-Mesa-Scottsdale, AZ MSA",799031,13094,2100,29,1668.14,34.14,0.381839254576482,0.175488056764526,Phoenix
2021-10-23,C3806,"Phoenix-Mesa-Scottsdale, AZ MSA",800811,13112,1780,18,1161.29,25.57,0.440644864029566,0.215666052381378,Phoenix
2021-10-24,C3806,"Phoenix-Mesa-Scottsdale, AZ MSA",801819,13118,1008,6,1567.14,29.71,0.458669597026743,0.225618378604527,Phoenix
2021-10-25,C3806,"Phoenix-Mesa-Scottsdale, AZ MSA",801892,13117,73,-1,1609.71,22.43,0.499969619595012,0.227210825757164,Phoenix
2021-10-26,C3806,"Phoenix-Mesa-Scottsdale, AZ MSA",802206,13168,314,51,1654.71,26.57,0.54727984066011,0.235501028917353,Phoenix
2021-10-27,C3806,"Phoenix-Mesa-Scottsdale, AZ MSA",806389,13239,4183,71,1669,29.43,0.55355482519938,0.252076631885813,Phoenix
2021-10-28,C3806,"Phoenix-Mesa-Scottsdale, AZ MSA",808199,13222,1810,-17,1804.43,28.43,0.468259594359457,0.206392363257082,Phoenix
2021-10-29,C3806,"Phoenix-Mesa-Scottsdale, AZ MSA",810614,13280,2415,58,1977,28.57,0.433412528495068,0.175489882020022,Phoenix
2021-10-30,C3806,"Phoenix-Mesa-Scottsdale, AZ MSA",812494,13318,1880,38,2002.86,21.29,0.406759313678595,0.125974934005631,Phoenix
2021-10-31,C3806,"Phoenix-Mesa-Scottsdale, AZ MSA",814450,13317,1956,-1,1775.71,19.57,0.396536137101651,0.107351123624616,Phoenix
2021-11-01,C3806,"Phoenix-Mesa-Scottsdale, AZ MSA",815731,13317,1281,0,1845,23.43,0.381862203835959,0.118096605335688,Phoenix
2021-11-02,C3806,"Phoenix-Mesa-Scottsdale, AZ MSA",816226,13317,495,0,1869.43,20,0.369072315584997,0.130487012625023,Phoenix
2021-11-03,C3806,"Phoenix-Mesa-Scottsdale, AZ MSA",818819,13376,2593,59,1950,20.29,0.366121444504857,0.118668487654059,Phoenix
2021-11-04,C3806,"Phoenix-Mesa-Scottsdale, AZ MSA",821114,13386,2295,10,1975,20.57,0.385844046414691,0.120871971379236,Phoenix
2021-11-05,C3806,"Phoenix-Mesa-Scottsdale, AZ MSA",823700,13420,2586,34,2044.14,20.57,0.38065150763383,0.116735203169658,Phoenix
2021-11-06,C3806,"Phoenix-Mesa-Scottsdale, AZ MSA",826144,13460,2444,40,2261.71,24,0.352725403513425,0.134452227596009,Phoenix
2021-11-07,C3806,"Phoenix-Mesa-Scottsdale, AZ MSA",828275,13461,2131,1,2109.71,20.29,0.358799600253723,0.133778364731228,Phoenix
2021-11-08,C3806,"Phoenix-Mesa-Scottsdale, AZ MSA",830040,13461,1765,0,2251.29,22.29,0.357700644823563,0.151537980042423,Phoenix
2021-11-09,C3806,"Phoenix-Mesa-Scottsdale, AZ MSA",832058,13485,2018,24,2342.29,21,0.369042813604749,0.159095218953054,Phoenix
2021-11-10,C3806,"Phoenix-Mesa-Scottsdale, AZ MSA",833587,13518,1529,33,2339.57,18.86,0.401261483279737,0.200945164689046,Phoenix
2021-11-11,C3806,"Phoenix-Mesa-Scottsdale, AZ MSA",836873,13542,3286,24,2351,18.86,0.409858346710767,0.201148937380969,Phoenix
2021-11-12,C3806,"Phoenix-Mesa-Scottsdale, AZ MSA",840096,13567,3223,25,2330.29,18.86,0.423081403601512,0.199612003221037,Phoenix
2021-11-13,C3806,"Phoenix-Mesa-Scottsdale, AZ MSA",842521,13592,2425,25,2349.43,20.86,0.443462841891113,0.205407630043195,Phoenix
2021-11-14,C3806,"Phoenix-Mesa-Scottsdale, AZ MSA",844732,13593,2211,1,2462.43,17.14,0.465226393671684,0.225742415642828,Phoenix
2021-11-15,C3806,"Phoenix-Mesa-Scottsdale, AZ MSA",846352,13593,1620,0,2360.86,19.29,0.444349012812505,0.1971110112295,Phoenix
2021-11-16,C3806,"Phoenix-Mesa-Scottsdale, AZ MSA",848504,13631,2152,38,2368.43,22.43,0.456814181731786,0.201829778755181,Phoenix
2021-11-17,C3806,"Phoenix-Mesa-Scottsdale, AZ MSA",850824,13638,2320,7,2511,22.43,0.424910047733212,0.166255397327628,Phoenix
2021-11-18,C3806,"Phoenix-Mesa-Scottsdale, AZ MSA",853399,13677,2575,39,2545.29,22.29,0.461768721643718,0.197779439839867,Phoenix
2021-11-19,C3806,"Phoenix-Mesa-Scottsdale, AZ MSA",856675,13724,3276,47,2629,22.29,0.520168713249089,0.223424046252275,Phoenix
2021-11-20,C3806,"Phoenix-Mesa-Scottsdale, AZ MSA",860098,13749,3423,25,2620.43,25.86,0.509483656414445,0.208179832924275,Phoenix
2021-11-21,C3806,"Phoenix-Mesa-Scottsdale, AZ MSA",862549,13749,2451,0,2703,26.57,0.487203569334225,0.191934853004596,Phoenix
2021-11-22,C3806,"Phoenix-Mesa-Scottsdale, AZ MSA",864755,13749,2206,0,2646.86,27.29,0.506933156805691,0.199546632913074,Phoenix
2021-11-23,C3806,"Phoenix-Mesa-Scottsdale, AZ MSA",866847,13812,2092,63,2499.43,20.57,0.466772806467193,0.159167807462989,Phoenix
2021-11-24,C3806,"Phoenix-Mesa-Scottsdale, AZ MSA",869745,13824,2898,12,2339.43,22,0.450161232463255,0.150143114234691,Phoenix
2021-11-25,C3806,"Phoenix-Mesa-Scottsdale, AZ MSA",871927,13868,2182,44,2218.14,22.29,0.393126732737334,0.116175129986515,Phoenix
2021-11-26,C3806,"Phoenix-Mesa-Scottsdale, AZ MSA",874171,13868,2244,0,2089.43,22.29,0.337925844281008,0.0931049093902255,Phoenix
2021-11-27,C3806,"Phoenix-Mesa-Scottsdale, AZ MSA",876474,13903,2303,35,2078.86,20.14,0.339757424188532,0.103863324738637,Phoenix
2021-11-28,C3806,"Phoenix-Mesa-Scottsdale, AZ MSA",878076,13905,1602,2,1983.57,21.43,0.327241995794157,0.108214846978508,Phoenix
2021-11-29,C3806,"Phoenix-Mesa-Scottsdale, AZ MSA",879381,13905,1305,0,2049.57,17.43,0.332814551517038,0.109810798613464,Phoenix
2021-11-30,C3806,"Phoenix-Mesa-Scottsdale, AZ MSA",881399,13953,2018,48,2229.29,18.14,0.320128478757224,0.106342702722924,Phoenix
2021-12-01,C3806,"Phoenix-Mesa-Scottsdale, AZ MSA",883630,13974,2231,21,2473.43,25.71,0.308685871619288,0.0958322694466784,Phoenix
2021-12-02,C3806,"Phoenix-Mesa-Scottsdale, AZ MSA",886274,13990,2644,16,2622.57,29.29,0.318814472410772,0.099219428942805,Phoenix
2021-12-03,C3806,"Phoenix-Mesa-Scottsdale, AZ MSA",889776,13995,3502,5,2726.57,29.29,0.291029289646881,0.0940306573973884,Phoenix
2021-12-04,C3806,"Phoenix-Mesa-Scottsdale, AZ MSA",893788,14083,4012,88,2755.14,35.71,0.284954611967541,0.092490699915686,Phoenix
2021-12-05,C3806,"Phoenix-Mesa-Scottsdale, AZ MSA",896434,14110,2646,27,2797.86,32.71,0.263246252070392,0.0814010304863825,Phoenix
2021-12-06,C3806,"Phoenix-Mesa-Scottsdale, AZ MSA",898467,14110,2033,0,2763.29,37.43,0.25652381705905,0.0761136369097197,Phoenix
2021-12-07,C3806,"Phoenix-Mesa-Scottsdale, AZ MSA",900685,14203,2218,93,2639.71,43.43,0.228414371701494,0.0737282938930794,Phoenix
2021-12-08,C3806,"Phoenix-Mesa-Scottsdale, AZ MSA",903215,14203,2530,0,2447.14,36.43,0.245735262332213,0.076411852280896,Phoenix
2021-12-09,C3806,"Phoenix-Mesa-Scottsdale, AZ MSA",905617,14252,2402,49,2399.57,34,0.256493798131845,0.0771766355662273,Phoenix
2021-12-10,C3806,"Phoenix-Mesa-Scottsdale, AZ MSA",908254,14299,2637,47,2348.71,34.43,0.299980894659434,0.097202365432015,Phoenix
2021-12-11,C3806,"Phoenix-Mesa-Scottsdale, AZ MSA",910918,14338,2664,39,2237.14,37,0.287404483734259,0.087257921376487,Phoenix
2021-12-12,C3806,"Phoenix-Mesa-Scottsdale, AZ MSA",913231,14348,2313,10,2206.57,43,0.289449344990507,0.0878516430192699,Phoenix
2021-12-13,C3806,"Phoenix-Mesa-Scottsdale, AZ MSA",914908,14351,1677,3,2140.43,37.29,0.272723353905713,0.0911826340514775,Phoenix
2021-12-14,C3806,"Phoenix-Mesa-Scottsdale, AZ MSA",916345,14462,1437,111,2143.14,40.57,0.311182671293602,0.116895655746642,Phoenix
2021-12-15,C3806,"Phoenix-Mesa-Scottsdale, AZ MSA",918661,14504,2316,42,2118.86,37.57,0.342838904351341,0.159113101192562,Phoenix
2021-12-16,C3806,"Phoenix-Mesa-Scottsdale, AZ MSA",920600,14513,1939,9,2072.57,36.29,0.335166622922836,0.162281272472799,Phoenix
2021-12-17,C3806,"Phoenix-Mesa-Scottsdale, AZ MSA",923256,14583,2656,70,2061.43,35.86,0.318264326700261,0.151133968135888,Phoenix
2021-12-18,C3806,"Phoenix-Mesa-Scottsdale, AZ MSA",925750,14601,2494,18,2089.29,38.29,0.329438474350458,0.158837740202606,Phoenix
2021-12-19,C3806,"Phoenix-Mesa-Scottsdale, AZ MSA",927739,14602,1989,1,2058.14,36.57,0.340750832851928,0.171958666159168,Phoenix
2021-12-20,C3806,"Phoenix-Mesa-Scottsdale, AZ MSA",929338,14602,1599,0,2100.57,37.29,0.336521168035243,0.16549350786691,Phoenix
2021-12-21,C3806,"Phoenix-Mesa-Scottsdale, AZ MSA",930970,14730,1632,128,2111.57,32.14,0.343756115538249,0.156705462311609,Phoenix
2021-12-22,C3806,"Phoenix-Mesa-Scottsdale, AZ MSA",933068,14760,2098,30,2149.57,35,0.30058194926578,0.120216430854656,Phoenix
2021-12-23,C3806,"Phoenix-Mesa-Scottsdale, AZ MSA",935304,14774,2236,14,1894.86,34.86,0.295730090291839,0.124825057481832,Phoenix
2021-12-24,C3806,"Phoenix-Mesa-Scottsdale, AZ MSA",938037,14808,2733,34,2522.14,34.86,0.307110348462877,0.129714265332033,Phoenix
2021-12-25,C3806,"Phoenix-Mesa-Scottsdale, AZ MSA",940797,14846,2760,38,2289,16.57,0.514898642524463,0.271022678106284,Phoenix
2021-12-26,C3806,"Phoenix-Mesa-Scottsdale, AZ MSA",941003,14846,206,0,2219,24.29,0.58982921959469,0.292990581334583,Phoenix
2021-12-27,C3806,"Phoenix-Mesa-Scottsdale, AZ MSA",946993,14846,5990,0,2215.29,24.57,0.619309653556604,0.314899091617351,Phoenix
2021-12-28,C3806,"Phoenix-Mesa-Scottsdale, AZ MSA",946993,14846,0,0,3177,25,0.615106726942762,0.31515098196983,Phoenix
2021-12-29,C3806,"Phoenix-Mesa-Scottsdale, AZ MSA",948601,14930,1608,84,3665.29,30.14,0.605159307926526,0.302594586983259,Phoenix
2021-12-30,C3806,"Phoenix-Mesa-Scottsdale, AZ MSA",950811,14946,2210,16,3690.29,30.14,0.671746265559389,0.327863201078972,Phoenix
2021-12-31,C3806,"Phoenix-Mesa-Scottsdale, AZ MSA",960276,14983,9465,37,4386.29,30.14,0.688394995889349,0.327964697628688,Phoenix
2022-01-01,C3806,"Phoenix-Mesa-Scottsdale, AZ MSA",966454,15057,6178,74,5218.86,42.71,0.506194274170133,0.199808748595387,Phoenix
2022-01-02,C3806,"Phoenix-Mesa-Scottsdale, AZ MSA",966835,15057,381,0,5780.43,36,0.451207756820063,0.188760006350858,Phoenix
2022-01-03,C3806,"Phoenix-Mesa-Scottsdale, AZ MSA",977697,15057,10862,0,6544.43,34.57,0.466537313383871,0.208770659848965,Phoenix
2022-01-04,C3806,"Phoenix-Mesa-Scottsdale, AZ MSA",983525,15145,5828,88,6773,31.86,0.528923643984487,0.256642241530071,Phoenix
2022-01-05,C3806,"Phoenix-Mesa-Scottsdale, AZ MSA",989064,15182,5539,37,7645.57,28.71,0.549531639943818,0.276175410289348,Phoenix
2022-01-06,C3806,"Phoenix-Mesa-Scottsdale, AZ MSA",996622,15188,7558,6,9223.57,34.71,0.502171143957807,0.261180463260381,Phoenix
2022-01-07,C3806,"Phoenix-Mesa-Scottsdale, AZ MSA",1007687,15206,11065,18,9142.14,34.71,0.565692497402097,0.305764923500788,Phoenix
2022-01-08,C3806,"Phoenix-Mesa-Scottsdale, AZ MSA",1019973,15258,12286,52,9892.14,39.43,0.549314988395406,0.301753950042954,Phoenix
2022-01-09,C3806,"Phoenix-Mesa-Scottsdale, AZ MSA",1031400,15300,11427,42,11059.29,34.57,0.567933992021457,0.313423879255974,Phoenix
2022-01-10,C3806,"Phoenix-Mesa-Scottsdale, AZ MSA",1041692,15300,10292,0,11903,33.86,0.53025572924676,0.277872617324727,Phoenix
2022-01-11,C3806,"Phoenix-Mesa-Scottsdale, AZ MSA",1052770,15421,11078,121,12388.71,36.86,0.468292375324364,0.226537800673063,Phoenix
2022-01-12,C3806,"Phoenix-Mesa-Scottsdale, AZ MSA",1066479,15424,13709,3,10633.57,29.43,0.443279579010577,0.217667075985841,Phoenix
2022-01-13,C3806,"Phoenix-Mesa-Scottsdale, AZ MSA",1079943,15425,13464,1,9318.57,33.57,0.443386895019137,0.219918496051881,Phoenix
2022-01-14,C3806,"Phoenix-Mesa-Scottsdale, AZ MSA",1094408,15464,14465,39,13300.29,37.71,0.35837484292107,0.166862360974088,Phoenix
2022-01-15,C3806,"Phoenix-Mesa-Scottsdale, AZ MSA",1094408,15464,0,0,14249.29,35.86,0.367382833852553,0.1525010057345,Phoenix
2022-01-16,C3806,"Phoenix-Mesa-Scottsdale, AZ MSA",1096630,15535,2222,71,14370.86,36.86,0.338495785597862,0.123096783865123,Phoenix
2022-01-17,C3806,"Phoenix-Mesa-Scottsdale, AZ MSA",1134794,15564,38164,29,14085.86,37.71,0.37647575979845,0.120267599842574,Phoenix
2022-01-18,C3806,"Phoenix-Mesa-Scottsdale, AZ MSA",1152515,15672,17721,108,13763.29,38.71,0.387994680652189,0.13477216599939,Phoenix
2022-01-19,C3806,"Phoenix-Mesa-Scottsdale, AZ MSA",1167075,15682,14560,10,16582.71,43.86,0.467403506771541,0.168709814812908,Phoenix
2022-01-20,C3806,"Phoenix-Mesa-Scottsdale, AZ MSA",1178544,15689,11469,7,18440.29,38.29,0.453741034263741,0.151212755838943,Phoenix
2022-01-21,C3806,"Phoenix-Mesa-Scottsdale, AZ MSA",1190751,15735,12207,46,14459.86,34.14,0.437185684401024,0.154362753461754,Phoenix
2022-01-22,C3806,"Phoenix-Mesa-Scottsdale, AZ MSA",1210487,15771,19736,36,13348,18.71,0.406052371315103,0.141899776662064,Phoenix
2022-01-23,C3806,"Phoenix-Mesa-Scottsdale, AZ MSA",1225712,15803,15225,32,13019.43,44.86,0.395718164326681,0.152700912133731,Phoenix
2022-01-24,C3806,"Phoenix-Mesa-Scottsdale, AZ MSA",1236013,15803,10301,0,12699.71,45.86,0.353894793189808,0.155119626142834,Phoenix
2022-01-25,C3806,"Phoenix-Mesa-Scottsdale, AZ MSA",1245951,15803,9938,0,12414.86,44.43,0.317798092196584,0.141097810308436,Phoenix
2022-01-26,C3806,"Phoenix-Mesa-Scottsdale, AZ MSA",1258211,15996,12260,193,10997,55.43,0.270975085885626,0.110491086145709,Phoenix
2022-01-27,C3806,"Phoenix-Mesa-Scottsdale, AZ MSA",1267442,16010,9231,14,10223.86,53.29,0.279190310715851,0.118078174475432,Phoenix
2022-01-28,C3806,"Phoenix-Mesa-Scottsdale, AZ MSA",1277655,16046,10213,36,9886,53.29,0.286851021580002,0.110547219096538,Phoenix
2022-01-29,C3806,"Phoenix-Mesa-Scottsdale, AZ MSA",1287466,16159,9811,113,9203.71,66.14,0.273670753848918,0.10970976270898,Phoenix
2022-01-30,C3806,"Phoenix-Mesa-Scottsdale, AZ MSA",1297279,16176,9813,17,8290,40.57,0.25825055243617,0.0941591380562343,Phoenix
2022-01-31,C3806,"Phoenix-Mesa-Scottsdale, AZ MSA",1305215,16176,7936,0,7681.71,45,0.260514342252592,0.0918605068628663,Phoenix
2022-02-01,C3806,"Phoenix-Mesa-Scottsdale, AZ MSA",1310377,16266,5162,90,7046.86,49.57,0.269499667624518,0.0999399474438755,Phoenix
2022-02-02,C3806,"Phoenix-Mesa-Scottsdale, AZ MSA",1316241,16280,5864,14,6388.43,41.57,0.250112233237457,0.0963475120412179,Phoenix
2022-02-03,C3806,"Phoenix-Mesa-Scottsdale, AZ MSA",1321214,16325,4973,45,5588,39.57,0.236720729767254,0.0848123538949092,Phoenix
2022-02-04,C3806,"Phoenix-Mesa-Scottsdale, AZ MSA",1326983,16393,5769,68,4874.14,39.57,0.224586609271991,0.0849387761910826,Phoenix
2022-02-05,C3806,"Phoenix-Mesa-Scottsdale, AZ MSA",1332185,16450,5202,57,4531.86,42.71,0.251827818710373,0.0938562485891203,Phoenix
2022-02-06,C3806,"Phoenix-Mesa-Scottsdale, AZ MSA",1336395,16453,4210,3,4183.29,42.86,0.263006739059256,0.0939136046204037,Phoenix
2022-02-07,C3806,"Phoenix-Mesa-Scottsdale, AZ MSA",1339334,16453,2939,0,3472.86,36.43,0.274356584980531,0.0907158024226015,Phoenix
2022-02-08,C3806,"Phoenix-Mesa-Scottsdale, AZ MSA",1342100,16565,2766,112,3573.57,51,0.280837048680047,0.0807596632250909,Phoenix
2022-02-09,C3806,"Phoenix-Mesa-Scottsdale, AZ MSA",1345524,16580,3424,15,3208.43,51,0.28408587616135,0.0905737080976984,Phoenix
2022-02-10,C3806,"Phoenix-Mesa-Scottsdale, AZ MSA",1345524,16580,0,0,3007,52.29,0.281916425502965,0.087213811293808,Phoenix
2022-02-11,C3806,"Phoenix-Mesa-Scottsdale, AZ MSA",1351998,16750,6474,170,2847.43,52.29,0.365131055502823,0.101189060722769,Phoenix
2022-02-12,C3806,"Phoenix-Mesa-Scottsdale, AZ MSA",1354644,16807,2646,57,2452.29,36.29,0.358440701412469,0.0991864966202047,Phoenix
2022-02-13,C3806,"Phoenix-Mesa-Scottsdale, AZ MSA",1357444,16819,2800,12,2307.14,34.14,0.361087703245853,0.100573677072377,Phoenix
2022-02-14,C3806,"Phoenix-Mesa-Scottsdale, AZ MSA",1359266,16819,1822,0,2561.14,51.43,0.372698486020502,0.136298089914437,Phoenix
2022-02-15,C3806,"Phoenix-Mesa-Scottsdale, AZ MSA",1359266,16819,0,0,1920.43,36.29,0.359771682365935,0.123030172970644,Phoenix
2022-02-16,C3806,"Phoenix-Mesa-Scottsdale, AZ MSA",1361674,16819,2408,0,1542.43,28.14,0.359059505311825,0.115052304734401,Phoenix
2022-02-17,C3806,"Phoenix-Mesa-Scottsdale, AZ MSA",1363452,16940,1778,121,1606,38.14,0.36081705319319,0.119963956647843,Phoenix
2022-02-18,C3806,"Phoenix-Mesa-Scottsdale, AZ MSA",1365441,17004,1989,64,1345.43,38.14,0.304297979079397,0.109351839717701,Phoenix
2022-02-19,C3806,"Phoenix-Mesa-Scottsdale, AZ MSA",1365441,17004,0,0,1598.71,48.86,0.297030966365939,0.110024351566042,Phoenix
2022-02-20,C3806,"Phoenix-Mesa-Scottsdale, AZ MSA",1368686,17086,3245,82,1356.57,53.29,0.28175298938915,0.104354091916607,Phoenix
2022-02-21,C3806,"Phoenix-Mesa-Scottsdale, AZ MSA",1368684,17086,-2,0,1297,44.14,0.246884370151769,0.0726694091456224,Phoenix
2022-02-22,C3806,"Phoenix-Mesa-Scottsdale, AZ MSA",1370457,17161,1773,75,1183.29,41.57,0.275221948849418,0.0836365918458262,Phoenix
2022-02-23,C3806,"Phoenix-Mesa-Scottsdale, AZ MSA",1371170,17192,713,31,1351.86,43,0.250782140446943,0.0794147540447149,Phoenix
2022-02-24,C3806,"Phoenix-Mesa-Scottsdale, AZ MSA",1372531,17249,1361,57,888.29,31.29,0.251615853690919,0.0845105126571527,Phoenix
2022-02-25,C3806,"Phoenix-Mesa-Scottsdale, AZ MSA",1373724,17295,1193,46,888.57,31.29,0.227257875396145,0.0805993723520879,Phoenix
2022-02-26,C3806,"Phoenix-Mesa-Scottsdale, AZ MSA",1374904,17305,1180,10,635.29,20.57,0.239268775421702,0.0868981313962096,Phoenix
2022-02-27,C3806,"Phoenix-Mesa-Scottsdale, AZ MSA",1374904,17305,0,0,533.43,16.14,0.252757602938649,0.0897500756888651,Phoenix
2022-02-28,C3806,"Phoenix-Mesa-Scottsdale, AZ MSA",1374904,17305,0,0,745.14,-14.29,0.279221430472115,0.0984907212705063,Phoenix
2022-03-01,C3806,"Phoenix-Mesa-Scottsdale, AZ MSA",1374904,17305,0,0,574.71,-20.86,0.241641534720221,0.0985421239519787,Phoenix
2022-03-02,C3806,"Phoenix-Mesa-Scottsdale, AZ MSA",1374904,17305,0,0,406.14,-22.29,0.26226642988292,0.0958276549345355,Phoenix
2022-03-03,C3806,"Phoenix-Mesa-Scottsdale, AZ MSA",1377747,17149,2843,-156,406.14,-22.29,0.261461473918555,0.094449813538211,Phoenix
2022-03-04,C3806,"Phoenix-Mesa-Scottsdale, AZ MSA",1377747,17149,0,0,406.14,-22.29,0.250285437732827,0.0957762426298021,Phoenix
2022-03-05,C3806,"Phoenix-Mesa-Scottsdale, AZ MSA",1377747,17149,0,0,406.14,-22.29,0.257861833486216,0.105666307205524,Phoenix
2022-03-06,C3806,"Phoenix-Mesa-Scottsdale, AZ MSA",1377747,17149,0,0,406.14,14.14,0.257636543875406,0.111016559314895,Phoenix
2022-03-07,C3806,"Phoenix-Mesa-Scottsdale, AZ MSA",1377747,17149,0,0,682.71,36.43,0.252551545770268,0.105581205053002,Phoenix
2022-03-08,C3806,"Phoenix-Mesa-Scottsdale, AZ MSA",1377747,17149,0,0,682.71,36.43,0.27172709860282,0.112311352327,Phoenix
2022-03-09,C3806,"Phoenix-Mesa-Scottsdale, AZ MSA",1377747,17404,0,255,682.71,36.43,0.25174032951232,0.109927902229799,Phoenix
2022-03-10,C3806,"Phoenix-Mesa-Scottsdale, AZ MSA",1382526,17404,4779,0,682.71,36.43,0.269236182656201,0.144892269340271,Phoenix
2022-03-11,C3806,"Phoenix-Mesa-Scottsdale, AZ MSA",1382526,17404,0,0,682.71,36.43,0.338112035734953,0.162329390726668,Phoenix
2022-03-12,C3806,"Phoenix-Mesa-Scottsdale, AZ MSA",1382526,17404,0,0,682.71,36.43,0.459585108912305,0.232732316426868,Phoenix
2022-03-13,C3806,"Phoenix-Mesa-Scottsdale, AZ MSA",1382526,17404,0,0,682.71,46.86,0.494947882547734,0.260170057355706,Phoenix
2022-03-14,C3806,"Phoenix-Mesa-Scottsdale, AZ MSA",1382526,17404,0,0,516.14,46.86,0.560727734650361,0.266136555291328,Phoenix
2022-03-15,C3806,"Phoenix-Mesa-Scottsdale, AZ MSA",1382526,17404,0,0,516.14,46.86,0.559876036137581,0.268920508367109,Phoenix
2022-03-16,C3806,"Phoenix-Mesa-Scottsdale, AZ MSA",1382526,17732,0,328,516.14,46.86,0.580741476376222,0.277612512074969,Phoenix
2022-03-17,C3806,"Phoenix-Mesa-Scottsdale, AZ MSA",1386139,17732,3613,0,516.14,46.86,0.552131330286903,0.230940867728449,Phoenix
2022-03-18,C3806,"Phoenix-Mesa-Scottsdale, AZ MSA",1386139,17732,0,0,516.14,46.86,0.49541191537177,0.210138196337093,Phoenix
2022-03-19,C3806,"Phoenix-Mesa-Scottsdale, AZ MSA",1386139,17732,0,0,516.14,46.86,0.386020054310335,0.124051464930612,Phoenix
2022-03-20,C3806,"Phoenix-Mesa-Scottsdale, AZ MSA",1386139,17732,0,0,516.14,34.71,0.359713683244959,0.107171988033922,Phoenix
2022-03-21,C3806,"Phoenix-Mesa-Scottsdale, AZ MSA",1386139,17732,0,0,509.43,34.71,0.305489882682257,0.0938429998112784,Phoenix
2022-03-22,C3806,"Phoenix-Mesa-Scottsdale, AZ MSA",1386139,17732,0,0,509.43,34.71,0.330104278569146,0.113841163601216,Phoenix
2022-03-23,C3806,"Phoenix-Mesa-Scottsdale, AZ MSA",1386139,17975,0,243,509.43,34.71,0.346707164588442,0.115568013206145,Phoenix
2022-03-24,C3806,"Phoenix-Mesa-Scottsdale, AZ MSA",1389705,17975,3566,0,509.43,34.71,0.393086565649824,0.161804456706151,Phoenix
2022-03-25,C3806,"Phoenix-Mesa-Scottsdale, AZ MSA",1389705,17975,0,0,509.43,34.71,0.511826984252628,0.197120275443988,Phoenix
2022-03-26,C3806,"Phoenix-Mesa-Scottsdale, AZ MSA",1389705,17975,0,0,509.43,34.71,0.492750380053256,0.201375451071932,Phoenix
2022-03-27,C3806,"Phoenix-Mesa-Scottsdale, AZ MSA",1389705,17975,0,0,509.43,43.57,0.495914214287994,0.185637260642366,Phoenix
2022-03-28,C3806,"Phoenix-Mesa-Scottsdale, AZ MSA",1389705,17975,0,0,1283.43,43.57,0.480406976166566,0.188437565749972,Phoenix
2022-03-29,C3806,"Phoenix-Mesa-Scottsdale, AZ MSA",1389705,17975,0,0,1283.43,43.57,0.45258384105558,0.156945768119251,Phoenix
2022-03-30,C3806,"Phoenix-Mesa-Scottsdale, AZ MSA",1389705,18280,0,305,1283.43,43.57,0.445381632267045,0.144898991225928,Phoenix
2022-03-31,C3806,"Phoenix-Mesa-Scottsdale, AZ MSA",1398689,18280,8984,0,1283.43,43.57,0.424621866160525,0.101321558248618,Phoenix
