Forecast_Date,R2_0,R2_7,R2_14,R2_21,fcast0_lwr,fcast0_mean,fcast0_upr,fcast7_lwr,fcast7_mean,fcast7_upr,fcast14_lwr,fcast14_mean,fcast14_upr,fcast21_lwr,fcast21_mean,fcast21_upr,case0,target_date7,case7,target_date14,case14,target_date21,case21
2020-05-01,0,0,0,0,,338,,,338,,,338,,,338,,368,2020-05-08,310,2020-05-15,311,2020-05-22,347
2020-05-08,0.664775733443149,0.651142007007259,0.717698602570034,0.760630458956812,323.029132126182,356.535370454469,390.041608782756,133.065872997537,314.762260728693,496.45864845985,210.904545246202,286.325261497544,361.745977748886,279.58449674265,310.779523230079,341.974549717508,310,2020-05-15,311,2020-05-22,347,2020-05-29,507
2020-05-15,0.850669306522598,0.863860554400152,0.810162809413901,0.822277637342946,235.057189971647,273.47379248908,311.890395006514,167.332692934712,221.935747400592,276.538801866473,251.208540744716,292.867636152669,334.526731560621,287.628060926901,322.690259725586,357.75245852427,311,2020-05-22,347,2020-05-29,507,2020-06-05,440
2020-05-22,0.885218612781657,0.847916030127949,0.822196882232076,0.826175151090664,,,,,,,,,,,,,347,2020-05-29,507,2020-06-05,440,2020-06-12,365
2020-05-29,0.559474098034695,0.654924573619348,0.312185816456079,0.136122651413236,,,,,,,,,,,,,507,2020-06-05,440,2020-06-12,365,2020-06-19,613
2020-06-05,0.559474098034695,0.654924573619348,0.377470811902978,0.0846078315206194,,,,,,,,,,264.953357421829,462.078398223087,659.203439024345,440,2020-06-12,365,2020-06-19,613,2020-06-26,778
2020-06-12,0.559474098034695,0.654924573619348,0.377470811902978,0.0712004962764505,,,,,,,525.162583126562,755.061462017449,984.960340908336,261.680963577243,452.122421308137,642.563879039031,365,2020-06-19,613,2020-06-26,778,2020-07-03,1810
2020-06-19,0.559474098034695,0.654924573619348,0.377470811902978,0.0712004962764505,,,,534.676613435078,786.265166878649,1037.85372032222,443.13007513465,640.154947071891,837.179819009132,243.91593180267,407.980421109363,572.044910416055,613,2020-06-26,778,2020-07-03,1810,2020-07-10,2323
2020-06-26,0.908623133803924,0.821032007371247,0.68349082471823,0.578754312905237,617.053221066196,726.847559372231,836.641897678266,459.309214002942,599.991201555956,740.673189108971,256.473686101018,421.841152461202,587.208618821387,218.276733035938,383.84479343855,549.412853841163,778,2020-07-03,1810,2020-07-10,2323,2020-07-17,1876
2020-07-03,0.907660876326521,0.830180911565998,0.726442166902221,0.721953101602681,697.564055039037,866.909541201568,1036.2550273641,284.479828010996,509.320523624041,734.161219237086,182.244634072588,420.736351596276,659.228069119964,163.037103439532,391.443085736243,619.849068032955,1810,2020-07-10,2323,2020-07-17,1876,2020-07-24,2219
2020-07-10,0.872781253386018,0.757119573372432,0.6861564704059,0.608421002376385,730.149794669703,1029.66886065554,1329.18792664137,53.5228738936345,459.962097757123,866.401321620611,-109.003358756658,317.640602346057,744.284563448773,93.5314201882291,545.613199760596,997.694979332962,2323,2020-07-17,1876,2020-07-24,2219,2020-07-31,1896
