year,Variable,Average_ACF_negative,Average_Lag_negative,Average_ACF_positive,Average_Lag_positive
2020,mean_Abortion_Related,0.219377667765989,-1.375,0.317768085332749,3.30769230769231
2020,mean_Affect,0.404003534536003,-1.57142857142857,0.314395299376479,2.6875
2020,mean_AllPunc,0.258707293933839,-1.83333333333333,0.284483310268919,3.85714285714286
2020,mean_Analytic,0.276971623815398,-4.33333333333333,0.110179290532108,1
2020,mean_Apostro,0.236659946786462,-2,0.297470539565435,4.83333333333333
2020,mean_Authentic,0.36666348933085,-1.28571428571429,0.325645824976293,2.55555555555556
2020,mean_BigWords,0.337694794892219,-1.5625,0.408625657841353,3.61538461538462
2020,mean_COVID_Related,0.533781110644982,0,0.614047718020374,2.17857142857143
2020,mean_Clout,0.264591983526714,-1.88888888888889,0.346858965067223,3.44444444444444
2020,mean_Cognition,0.273658270762855,-2.54545454545455,0.374935825776473,3.55555555555556
2020,mean_Comma,0.313820731592535,-3,0.337646337640004,1.8
2020,mean_Conversation,0.211975891812226,-1.28571428571429,0.280745524385466,3.2
2020,mean_Culture,0.237914176670142,-3.33333333333333,0.358423900506017,5.75
2020,mean_Dic,0.328733205626661,-0.210526315789474,0.481695267753287,3.16666666666667
2020,mean_Drives,0.243199498296174,-1.5,0.465826608212025,4.63636363636364
2020,mean_Exclam,0.347503846187214,-1,0.300353763523791,2.38461538461538
2020,mean_Lifestyle,0.308831327527999,-0.6,0.426483504996662,3.88888888888889
2020,mean_Linguistic,0.340695418100292,-0.105263157894737,0.500484961737767,2.27272727272727
2020,mean_OtherP,0.36506934340666,-3.14285714285714,0.41883634127749,1.6
2020,mean_Perception,0.371898510998357,-2.66666666666667,0.313265573738576,2.5
2020,mean_Period,0.290635068423266,-1.4,0.420966320579427,4.45454545454545
2020,mean_Physical,0.377907223149748,0,0.559719078048342,3.25
2020,mean_QMark,0.320087559711046,-2.2,0.312707614322271,6
2020,mean_Race_Related,0.283997382133947,-2.82352941176471,0.612826491657425,5.4
2020,mean_Social,0.283705762756739,-2.23529411764706,0.430518490250614,4
2020,mean_Tone,0.314493270877546,-1.25,0.203158374003116,2
2020,mean_WC,0.37469234271239,-0.777777777777778,0.433123038362619,2
2020,mean_WPS,0.394201368625608,-1.3125,0.501781445384983,1.9
2020,mean_achieve,0.331588590666594,-0.833333333333333,0.389845526000644,3.36363636363636
2020,mean_acquire,0.359171304705904,-0.111111111111111,0.577058667055112,3.27272727272727
2020,mean_adj,0.333026809021364,-1.11111111111111,0.264704690674628,1.16666666666667
2020,mean_adverb,0.247514925841032,-0.9,0.308955765668578,3.09090909090909
2020,mean_affiliation,0.301816558306518,-0.125,0.462770845052806,3.625
2020,mean_allnone,0.264924790187889,-1,0.3122167607412,4.11111111111111
2020,mean_allure,0.355397208764622,-0.714285714285714,0.55093930286579,3.375
2020,mean_article,0.326790264124132,-4.69230769230769,0.325699910283142,1
2020,mean_assent,0.22737428532031,-2.90909090909091,0.27540243232356,3.2
2020,mean_attention,0.285584023123082,-4,0.185006864570166,3
2020,mean_auditory,0.35745632749383,-2.92307692307692,0.275295839578627,1.16666666666667
2020,mean_auxverb,0.23303278375722,-0.833333333333333,0.437003845619268,3.7
2020,mean_cause,0.280519835160775,-2.6,0.415661655419286,4.25
2020,mean_certitude,0.261123164802475,-2,0.372563985423686,3.72727272727273
2020,mean_cogproc,0.307682964480579,-2.69230769230769,0.387304250925591,3.7
2020,mean_comm,0.284614043847344,-3.09090909090909,0.350053250746742,3
2020,mean_conflict,0.287111808277046,-4.07142857142857,0.609229470111237,5.75
2020,mean_conj,0.294889751598687,-0.5,0.348909790932837,2.68421052631579
2020,mean_curiosity,0.26253694694599,-3.81818181818182,0.248274026949687,4
2020,mean_death,0.303915224813663,-1.10526315789474,0.409523798213837,1.88888888888889
2020,mean_det,0.302269302239287,-2.22222222222222,0.423860663981149,3.33333333333333
2020,mean_differ,0.250282527336754,-2.44444444444444,0.344656637161229,3.83333333333333
2020,mean_discrep,0.305828163045535,-0.333333333333333,0.434706724834087,3.09090909090909
2020,mean_emo_anger,0.27375554341589,-3.84615384615385,0.432277957555798,4
2020,mean_emo_anx,0.223645933079594,0,0.57498330288085,4.8
2020,mean_emo_neg,0.249340465417928,-2,0.431061164035804,4.66666666666667
2020,mean_emo_pos,0.380752400300644,-1.8,0.250042521587256,2.5
2020,mean_emo_sad,0.324311094085159,-1.25,0.289075060703399,2.94444444444444
2020,mean_emotion,0.40679356561027,-1.3,0.331310468387557,3
2020,mean_ethnicity,0.293355716718299,-3.3,0.455956157567694,5.6
2020,mean_family,0.311826948547976,-0.571428571428571,0.382332547361718,2.63636363636364
2020,mean_fatigue,0.31619798517663,-1.18181818181818,0.367778561980313,4.125
2020,mean_feeling,0.311889337573461,-3,0.287614262365611,2.25
2020,mean_female,0.248194695140063,-3,0.297414061864963,2
2020,mean_filler,0.232799934361396,-0.9,0.287117931401882,2.63636363636364
2020,mean_focusfuture,0.291435739139892,0,0.659680196590674,4.22222222222222
2020,mean_focuspast,0.31035176081922,-1.72727272727273,0.366213556510385,2.33333333333333
2020,mean_focuspresent,0.28634541294793,0,0.370826429732151,3.72727272727273
2020,mean_food,0.361444623293397,-2.5,0.298055775520278,2.14285714285714
2020,mean_friend,0.219223588645831,-2.83333333333333,0.202455389999004,4.5
2020,mean_fulfill,0.25623801905063,-1.36363636363636,0.304600414449436,1.63636363636364
2020,mean_function,0.26045268769526,-1,,
2020,mean_function.,0.271183779476856,-1.17647058823529,0.381337678280384,2.16666666666667
2020,mean_health,0.328866210362824,0,0.635178830839455,3.66666666666667
2020,mean_home,0.375044460857079,-0.25,0.355013698854303,2.15384615384615
2020,mean_i,0.360777386193793,-0.909090909090909,0.393310732053325,2.75
2020,mean_illness,0.331764673571749,0,0.564316532082003,3.40909090909091
2020,mean_insight,0.344033383166639,-1.8,0.45547563314117,3.71428571428571
2020,mean_ipron,0.29959338068824,-1.94117647058824,0.300973753311487,2.55555555555556
2020,mean_lack,0.344519087524103,-0.2,0.488007465658475,3.66666666666667
2020,mean_leisure,0.252925208190169,-3.6,0.358080930686606,4
2020,mean_male,0.292316329037879,-3.2,0.404076985808488,4.5
2020,mean_memory,0.257236287065174,-2.36363636363636,0.256498772510638,3.11111111111111
2020,mean_mental,0.262270845278127,-2.27272727272727,0.299852396072095,3.2
2020,mean_money,0.233054225462467,-1.83333333333333,0.399754780405358,2.2
2020,mean_moral,0.286658250993942,-2.21428571428571,0.480579265546529,5.33333333333333
2020,mean_motion,0.320347118459753,-5.33333333333333,0.215710274909184,4
2020,mean_need,0.328115754369679,0,0.650042184500902,3.5
2020,mean_negate,0.276059910740889,-2.6,0.289921710172281,3.625
2020,mean_netspeak,0.266394087164091,-2.16666666666667,0.252942394552233,3.75
2020,mean_nonflu,0.259957134801354,-2.36363636363636,0.278722934080544,2.16666666666667
2020,mean_number,0.335792057692414,-1,0.37633048299828,1.71428571428571
2020,mean_polite,0.275807161625211,-1.7,0.338600664880045,2.9
2020,mean_politic,0.200726552733829,-2.85714285714286,0.422045154446458,5.75
2020,mean_power,0.280199222387062,-3.6875,0.55538276406043,5.66666666666667
2020,mean_ppron,0.322326044526563,-0.526315789473684,0.437805532240172,2.57894736842105
2020,mean_prep,0.347784371996571,-1,0.351962222306438,1.83333333333333
2020,mean_pronoun,0.340134417125716,-0.45,0.440217957910888,2.35714285714286
2020,mean_prosocial,0.310188242516195,-1.33333333333333,0.342697789529845,2.21428571428571
2020,mean_quantity,0.343577942457059,-0.545454545454545,0.358201187877487,2.5
2020,mean_relig,0.428051011092701,-1.07692307692308,0.294986999995169,2.33333333333333
2020,mean_reward,0.323432744399426,-1.66666666666667,0.278650829391684,2.91666666666667
2020,mean_risk,0.273369982085459,-0.769230769230769,0.377763287667073,3.38888888888889
2020,mean_sexual,0.204577375791679,-3.25,0.205725827219268,4.66666666666667
2020,mean_shehe,0.294349345011607,-2.81818181818182,0.399850804864603,3.66666666666667
2020,mean_socbehav,0.266083016097816,-2.72222222222222,0.559649469660215,5.33333333333333
2020,mean_socrefs,0.263441162391203,-2,0.404872099891303,3.6
2020,mean_space,0.369174527785203,-2.16666666666667,0.306910141402015,2
2020,mean_swear,0.329957236275505,-0.4,0.370910016414654,3.63636363636364
2020,mean_tech,0.301154794995779,-3.33333333333333,0.266498541047334,2.66666666666667
2020,mean_tentat,0.249827978002115,-1.33333333333333,0.314143268896113,2.85714285714286
2020,mean_they,0.279015406126274,-0.428571428571429,0.348864224136002,2.9
2020,mean_time,0.327466287295646,-0.583333333333333,0.469456833423806,3.33333333333333
2020,mean_tone_neg,0.279737249711895,-2.11764705882353,0.510840878613625,4.6
2020,mean_tone_pos,0.352719111096389,-1.09090909090909,0.254262298925494,2.1
2020,mean_verb,0.288079359502679,-0.3125,0.517811722724911,3.30769230769231
2020,mean_visual,0.285896215401568,-4.08333333333333,0.248234725560265,2.66666666666667
2020,mean_want,0.271628290287645,-1.0625,0.304500443991272,2.29411764705882
2020,mean_we,0.309266765137706,0,0.501669618641395,3.52631578947368
2020,mean_wellness,0.268115720425593,-1.5,0.395458243656336,3.45454545454545
2020,mean_work,0.274235791001783,-0.272727272727273,0.484462447832951,3.5
2020,mean_you,0.251102430815985,-1.36363636363636,0.284231453618981,2.8
2021,mean_Abortion_Related,0.214822853878358,-0.25,0.271011089681601,3.07142857142857
2021,mean_Affect,0.437164354681848,-0.545454545454545,0.395827130535855,1.83333333333333
2021,mean_AllPunc,0.462644017721454,-1.35714285714286,0.33111718285294,1.47368421052632
2021,mean_Analytic,0.309014935989474,-1.875,0.219329325820982,1.83333333333333
2021,mean_Apostro,0.271084367044052,-1.66666666666667,0.310973768138224,4.4
2021,mean_Authentic,0.378491343732033,-5.5,0.140069151503467,1
2021,mean_BigWords,0.353032663585341,-0.583333333333333,0.333020589241483,2.63157894736842
2021,mean_COVID_Related,0.457447270039175,-0.75,0.40214839486071,1.95652173913043
2021,mean_Clout,0.353372062196272,-0.916666666666667,0.297831712898542,2.5
2021,mean_Cognition,0.373592959662501,-1.5,0.237659343607346,3.5
2021,mean_Comma,0.451625899991038,-2,0.288783705362934,1.5
2021,mean_Conversation,0.284014977623295,-3.83333333333333,0.218882178867963,2.375
2021,mean_Culture,0.351112926477455,-0.631578947368421,0.326847738134208,2.28571428571429
2021,mean_Dic,0.345837299160209,-1.625,0.252988444676123,2
2021,mean_Drives,0.36830318032158,-1.05555555555556,0.310988277592395,2
2021,mean_Exclam,0.362332108773164,-2.14285714285714,0.285306645631595,1.6
2021,mean_Lifestyle,0.333897389815311,-2.4,0.294966252466194,2.1
2021,mean_Linguistic,0.381263399164596,-2,0.207060044049907,1.64285714285714
2021,mean_OtherP,0.404119347816392,-1.92307692307692,0.283696462450234,1.95238095238095
2021,mean_Perception,0.341415177170861,-4.6,0.143820423163455,2
2021,mean_Period,0.430776841997811,-0.785714285714286,0.353735306467301,1.52631578947368
2021,mean_Physical,0.318344405168418,-1.2,0.320746203907261,3.6
2021,mean_QMark,0.290287981981873,-1.5,0.28482698740925,2.2
2021,mean_Race_Related,0.357048606193523,-2.55555555555556,0.268201839820866,1.91666666666667
2021,mean_Social,0.379334353238703,-0.307692307692308,0.321287732532251,2.625
2021,mean_Tone,0.3159096642005,-3.09090909090909,0.368861065054573,1
2021,mean_WC,0.445298230203062,-3.71428571428571,0.300285465448699,2.1
2021,mean_WPS,0.406214618891743,-3.6,0.239645296577536,2.16666666666667
2021,mean_achieve,0.325752353462016,-2.5,0.264873317697901,2.30769230769231
2021,mean_acquire,0.272090769519058,-2.5,0.248775643233262,2.8
2021,mean_adj,0.244256415270218,-2.7,0.219387129422016,2
2021,mean_adverb,0.275642067966486,-4.28571428571429,0.211258506000777,2.5
2021,mean_affiliation,0.353921139482367,-1.64705882352941,0.321563902516711,1.95454545454545
2021,mean_allnone,0.230397644339637,-2.83333333333333,0.165661365098071,4.25
2021,mean_allure,0.256813470213779,-3.41666666666667,0.210392761468213,1.75
2021,mean_article,0.384259569046152,-1.83333333333333,0.230018989059353,2.8
2021,mean_assent,0.269149107804507,-1.71428571428571,0.192314708218507,2.28571428571429
2021,mean_attention,0.285519440142342,-1.5,0.323857216667601,1.6
2021,mean_auditory,0.209687778707239,-1,0.240898714288313,2.25
2021,mean_auxverb,0.34866769807731,-1.5,0.216832886768483,2.36363636363636
2021,mean_cause,0.326240540250335,-1.75,0.236841626686841,3
2021,mean_certitude,0.341051484851357,-1.42857142857143,0.252967568078031,2.14285714285714
2021,mean_cogproc,0.333436336700353,-1,0.22247671594927,2.8
2021,mean_comm,0.392792737974818,-1.44444444444444,0.276803040412297,1.6
2021,mean_conflict,0.311068436483295,-1.63636363636364,0.273220650146424,2.33333333333333
2021,mean_conj,0.271321264840352,-1.4,0.368498830578806,3
2021,mean_curiosity,0.24740896674791,-1,0.260704423822397,2.75
2021,mean_death,0.348923133019981,0,0.279629431701424,2.90909090909091
2021,mean_det,0.363238365238433,-1.9,0.22165103812034,1.41176470588235
2021,mean_differ,0.294219577413543,-1.5,0.344685377624478,2.2
2021,mean_discrep,0.367185168627549,-2.44444444444444,0.251357445246745,1.57142857142857
2021,mean_emo_anger,0.330760611943537,-2.14285714285714,0.259483272937419,1.875
2021,mean_emo_anx,0.302788247578966,-0.333333333333333,0.306740643153019,2.63636363636364
2021,mean_emo_neg,0.334215138791022,-1.5,0.261608483399884,2.45454545454545
2021,mean_emo_pos,0.395075801215883,-2.11111111111111,0.328285929083938,1.33333333333333
2021,mean_emo_sad,0.345604089216745,-2.5,0.2502065222843,2
2021,mean_emotion,0.394162764788455,-1.94736842105263,0.346614481727982,1.5625
2021,mean_ethnicity,0.365657019428911,-3,0.182874181610576,2.875
2021,mean_family,0.380990375344649,-1.76923076923077,0.320880467760173,2.6
2021,mean_fatigue,0.290094620104997,-0.333333333333333,0.24489493165315,3.15384615384615
2021,mean_feeling,0.321601428506125,-3.7,0.244087529038349,2.4
2021,mean_female,0.346746779451752,-2,0.312199001701801,1.83333333333333
2021,mean_filler,0.316540146368528,-1.4375,0.241601361834986,1.46666666666667
2021,mean_focusfuture,0.323621760567618,-2.4,0.20812832362783,1.91666666666667
2021,mean_focuspast,0.395374620381225,-3.92307692307692,0.246965090615287,1.64285714285714
2021,mean_focuspresent,0.28393277352563,-2.25,0.217716128425033,2.77777777777778
2021,mean_food,0.283677352196409,-3.28571428571429,0.33500954562615,3.66666666666667
2021,mean_friend,0.263957368399058,-2.28571428571429,0.263708229483013,3.42857142857143
2021,mean_fulfill,0.315012064635593,-2.25,0.249608767855869,1.4
2021,mean_function,0.306066873791657,-6,0.0987810946351525,1
2021,mean_function.,0.302750308660158,-2.5,0.191121001914686,1.83333333333333
2021,mean_health,0.394775564947561,-0.25,0.295080883760989,3.05263157894737
2021,mean_home,0.344877912982662,-2.5,0.233122600621934,3
2021,mean_i,0.400772776744714,-4.35294117647059,0.25114295793686,1.5
2021,mean_illness,0.369296363901889,-0.25,0.30154369202486,3.23529411764706
2021,mean_insight,0.35216531290133,-1.83333333333333,0.217814748062557,2.375
2021,mean_ipron,0.344844429841997,-1.33333333333333,0.249847224150278,2.15384615384615
2021,mean_lack,0.333664447780035,-2.25,0.219094554852476,3.16666666666667
2021,mean_leisure,0.258633174309282,-2.33333333333333,0.390528232956509,2
2021,mean_male,0.375636951043821,-1.46666666666667,0.292927595979315,2.7
2021,mean_memory,0.355792968672825,-1.45454545454545,0.251891647624117,2.21428571428571
2021,mean_mental,0.32127024175077,-1.85714285714286,0.240149313024161,2.83333333333333
2021,mean_money,0.306442933022851,-2.6,0.306718046754294,1.5
2021,mean_moral,0.357154495438242,-1.3,0.274831877204496,2.8
2021,mean_motion,0.227086037411362,-2.57142857142857,0.438589158923981,6
2021,mean_need,0.299009845624459,-3.16666666666667,0.210085030103672,2.41666666666667
2021,mean_negate,0.268521329498123,-4,0.280530324754169,3.5
2021,mean_netspeak,0.358379923156443,-2.75,0.263067345248233,2.66666666666667
2021,mean_nonflu,0.331829025724613,-1.6,0.18607705061698,2.5
2021,mean_number,0.33488058510193,-3.125,0.259491503280719,3.2
2021,mean_polite,0.464868726189825,-1,0.281676257961569,1.58333333333333
2021,mean_politic,0.385004600529824,-0.352941176470588,0.345916296681906,2.30434782608696
2021,mean_power,0.327156091634005,-0.9375,0.279725142242448,2.3
2021,mean_ppron,0.425491162695562,-1.46153846153846,0.353959519739401,1.61538461538462
2021,mean_prep,0.430815670429018,-4.28571428571429,0.238387371398368,2.33333333333333
2021,mean_pronoun,0.438220179273353,-1,0.277273579216596,1.63157894736842
2021,mean_prosocial,0.43070633746438,-1.55555555555556,0.328414945537606,2
2021,mean_quantity,0.360076635032765,-3,0.291353040324552,2
2021,mean_relig,0.250736432563683,-0.5,0.221255080336068,3.28571428571429
2021,mean_reward,0.378358297989059,-1.88888888888889,0.245010009252136,1.72727272727273
2021,mean_risk,0.295784926901268,-1.5,0.259283690386397,2.92857142857143
2021,mean_sexual,0.348802128829042,-2,0.161394975675134,1.75
2021,mean_shehe,0.371942010301741,-0.888888888888889,0.329756896136077,2.23809523809524
2021,mean_socbehav,0.408187535645963,-0.75,0.295364681148717,1.70588235294118
2021,mean_socrefs,0.327493299580984,-0.916666666666667,0.322951678122617,2.875
2021,mean_space,0.357521097762185,-4,0.159756290736945,3
2021,mean_substances,0.316801556479433,-1,0.319849723895063,2.14285714285714
2021,mean_swear,0.282445094615924,-0.4,0.323610757107872,2.5
2021,mean_tech,0.380163229058546,-2.8,0.268715993322143,3
2021,mean_tentat,0.37975697305175,-3,0.221899584172658,6
2021,mean_they,0.259659118293135,-0.222222222222222,0.245077253519545,2.61538461538462
2021,mean_time,0.427741724556865,-3.33333333333333,0.248805371153991,1.16666666666667
2021,mean_tone_neg,0.330358610539006,-1,0.25769740321557,2.8
2021,mean_tone_pos,0.410115504926654,-2.30769230769231,0.311956416340988,1.4
2021,mean_verb,0.382477351938095,-1.8,0.264776696601523,1.61538461538462
2021,mean_visual,0.317592937932394,-3.11111111111111,0.226023276269321,1.91666666666667
2021,mean_want,0.346444503383934,-1.2,0.284270955837471,2.0625
2021,mean_we,0.340369016881461,-2,0.271200557054807,2.23809523809524
2021,mean_wellness,0.313397887533191,-0.75,0.256525023706302,1
2021,mean_work,0.408843403834844,-1.65,0.35073816811574,2.14285714285714
2021,mean_you,0.336568260125419,-1.5,0.256308090671196,3.14285714285714
2022,mean_Affect,0.334247751655171,-3.33333333333333,0.281302711725485,2.41666666666667
2022,mean_AllPunc,0.426358896944811,-2,0.255952711565524,1.85
2022,mean_Analytic,0.252698684614034,-1,0.141444742186831,2.6
2022,mean_Apostro,0.350755583689049,-2.77777777777778,0.176694108592764,2.69230769230769
2022,mean_Authentic,0.392091601829427,-2.2,0.268195926079757,2.30434782608696
2022,mean_BigWords,0.37029263912888,-2.2,0.247724658722757,1.75
2022,mean_COVID_Related,0.55379086412385,-0.107142857142857,0.673565848892141,2.03571428571429
2022,mean_Clout,0.431077437350598,-2.66666666666667,0.174208934754977,2.36363636363636
2022,mean_Cognition,0.423582075427074,-2.57142857142857,0.205872991578281,1.69230769230769
2022,mean_Comma,0.359818312185874,-1.55555555555556,0.223399707028132,1.9375
2022,mean_Conversation,0.359791765082286,-2.42857142857143,0.215848046928835,2.41666666666667
2022,mean_Culture,0.395679254718071,-4,0.0925082744696143,1.66666666666667
2022,mean_Dic,0.438579278938067,-2.22222222222222,0.240923038096212,2.28
2022,mean_Drives,0.422575205131101,-4.66666666666667,0.15451572692208,2.33333333333333
2022,mean_Exclam,0.311859002306075,-3.5,0.3092289048927,2.2
2022,mean_Lifestyle,0.374106981673467,-2.08333333333333,0.245125954942588,1.77777777777778
2022,mean_Linguistic,0.377606959109363,-1.66666666666667,0.211983359354427,1.82608695652174
2022,mean_OtherP,0.375121132331047,-2.66666666666667,0.259327599988857,1.77777777777778
2022,mean_Perception,0.415935342082238,-2.5,0.179401558162393,1.5
2022,mean_Period,0.408158517702395,-1.72727272727273,0.239161029468845,2.04
2022,mean_Physical,0.40179576251873,-0.3,0.346244493120563,2.5
2022,mean_QMark,0.425155043444479,-2.71428571428571,0.240196272602602,1.7
2022,mean_Race_Related,0.385247875607275,-3.57142857142857,0.168231001568869,2.38461538461538
2022,mean_Social,0.375635056557767,-3.33333333333333,0.200431550073398,2
2022,mean_Tone,0.328478714844324,-2.3,0.245389442144947,2.16666666666667
2022,mean_WC,0.414369007516721,-1.44444444444444,0.216967427063813,2.04545454545455
2022,mean_WPS,0.440506560944739,-2,0.205085691392261,1.33333333333333
2022,mean_achieve,0.341708646161102,-2.77777777777778,0.215951694557482,2.23529411764706
2022,mean_acquire,0.362804420918535,-0.272727272727273,0.312116999097359,2.36363636363636
2022,mean_adj,0.30610055395936,-1,0.193871921027909,3.33333333333333
2022,mean_adverb,0.360770921793152,-3,0.199845220710566,1.8695652173913
2022,mean_affiliation,0.248476325559071,-3,0.182797807857499,2.53333333333333
2022,mean_allnone,0.215986923320942,-1.66666666666667,0.169884786271477,2.18181818181818
2022,mean_allure,0.323904670350759,-3.22222222222222,0.281876529505284,1.875
2022,mean_article,0.448012296636122,-4,0.085059768311114,2
2022,mean_assent,0.293250984142695,-3.22222222222222,0.157104343182285,2.1
2022,mean_attention,0.280208800288641,-4.16666666666667,0.238815560630813,2.55555555555556
2022,mean_auditory,0.317858085730344,-1.33333333333333,0.283319799225682,2.1
2022,mean_auxverb,0.473078534809786,-1.625,0.23959837474227,1.76470588235294
2022,mean_cause,0.392133111827073,-1,0.174846331285047,1.75
2022,mean_certitude,0.364572643287467,-2.33333333333333,0.150436128600029,2.53333333333333
2022,mean_cogproc,0.449244041283394,-3,0.217919699274468,1.83333333333333
2022,mean_comm,0.332998408175824,-3.75,0.182644827902076,3.35714285714286
2022,mean_conflict,0.369457954186381,-2.5,0.118186023480253,2.33333333333333
2022,mean_conj,0.41105646916788,-0.9,0.28375541470669,2
2022,mean_curiosity,0.314550161816641,-2.9,0.207530071814568,2.625
2022,mean_death,0.382353608989673,-0.875,0.222287925495303,2.71428571428571
2022,mean_det,0.425800429158316,-2,0.150247916993504,1.88888888888889
2022,mean_differ,0.420321852711368,-2.75,0.226122315429434,2.16666666666667
2022,mean_discrep,0.455482215211237,-5,0.121552875429194,1.53846153846154
2022,mean_emo_anger,0.338810692420511,-4.66666666666667,0.127077604798125,3
2022,mean_emo_anx,0.326382167864863,-1.2,0.258024855351525,3
2022,mean_emo_neg,0.321668283633115,-1,0.226659772646545,3.06666666666667
2022,mean_emo_pos,0.401858930644533,-3.25,0.242864313321908,2.52941176470588
2022,mean_emo_sad,0.392456702864552,-0.833333333333333,0.246299887584098,2.625
2022,mean_emotion,0.355730158524549,-3.66666666666667,0.265617027672111,2.5
2022,mean_ethnicity,0.357814833136621,-3.18181818181818,0.206439747713103,2.7
2022,mean_family,0.276189230354756,-1.4,0.199889230976263,3
2022,mean_fatigue,0.29796840731826,-2,0.143477897461062,1.66666666666667
2022,mean_feeling,0.347092199110551,-1.66666666666667,0.193046951650678,2.57894736842105
2022,mean_female,0.285100624955955,-2,0.172796965762229,2.66666666666667
2022,mean_filler,0.375452250249747,-3.25,0.244223837955303,1.85714285714286
2022,mean_focusfuture,0.440146373671693,-3.57142857142857,0.220767222980339,2.1875
2022,mean_focuspast,0.350443644389023,-1.4,0.225651744568689,2.09090909090909
2022,mean_focuspresent,0.349990313038049,-2,0.17188933760164,2.4
2022,mean_food,0.296134072889731,-1.16666666666667,0.227503846969812,2.25
2022,mean_friend,0.295320721203637,-2.25,0.156418596360199,2.08333333333333
2022,mean_fulfill,0.331677835462964,-2.09090909090909,0.226715836499505,2.44444444444444
2022,mean_function,0.437102530440035,-1,0.23169787933671,1.66666666666667
2022,mean_function.,0.379424694220426,-2.5,0.230935646132698,1.73333333333333
2022,mean_health,0.468214647752128,-0.0588235294117647,0.523908892742061,2.46153846153846
2022,mean_home,0.368357936225316,-1.22222222222222,0.217838949568813,1.47058823529412
2022,mean_i,0.41565262720019,-2,0.274021186920619,2.13636363636364
2022,mean_illness,0.458592445002703,-0.148148148148148,0.609906713371906,2.20689655172414
2022,mean_insight,0.389461557735375,-2.11111111111111,0.186458228110614,1.4
2022,mean_ipron,0.366077073737377,-1.85714285714286,0.172801148019303,2
2022,mean_lack,0.411294967981113,-2.42857142857143,0.209944772062749,2.17647058823529
2022,mean_leisure,0.271873532688026,-1.5,0.17851000104778,2.81818181818182
2022,mean_memory,0.361007937661794,-1.875,0.146302714698262,1.42857142857143
2022,mean_mental,0.415191920447048,-1.66666666666667,0.223212800047661,2
2022,mean_money,0.403430645636549,-2.91666666666667,0.154589940785665,1.16666666666667
2022,mean_moral,0.325415337773329,-2.6,0.190163734275458,1.88888888888889
2022,mean_motion,0.402594044941697,-3.33333333333333,0.197905072262915,2.125
2022,mean_need,0.452594282439068,-1,0.251390163396831,1.85714285714286
2022,mean_negate,0.50637070050543,-0.666666666666667,0.189344479098679,2
2022,mean_netspeak,0.374142394806019,-2.83333333333333,0.178379465420021,2.09090909090909
2022,mean_nonflu,0.342584373694656,-3.14285714285714,0.195362965403047,1.77777777777778
2022,mean_number,0.356881203722261,-1.33333333333333,0.207105525599284,2.25
2022,mean_polite,0.340042295967535,-2.57142857142857,0.254346774140492,2.26666666666667
2022,mean_politic,0.372695989710986,-3.5,0.105633171595824,1.14285714285714
2022,mean_power,0.464708363581579,-4,0.165455707628995,1.2
2022,mean_ppron,0.362467187555716,-2,0.233926428168024,2.2
2022,mean_prep,0.356870409800576,-2.375,0.24532122838147,1.57894736842105
2022,mean_pronoun,0.322502251707976,-2.33333333333333,0.200848962853198,2.11111111111111
2022,mean_prosocial,0.327482378999838,-2.8,0.23092308738569,2.5
2022,mean_quantity,0.412337741626516,-2.14285714285714,0.216043955504977,2.26315789473684
2022,mean_reward,0.40455805800036,-2,0.192790749516328,2
2022,mean_risk,0.317300682656939,-0.75,0.201064615680412,2.625
2022,mean_shehe,0.337636214386547,-1,0.172127082972999,1.8
2022,mean_socbehav,0.249905864634243,-4,0.190138554715164,2.8
2022,mean_socrefs,0.41244479542137,-2,0.187990439904397,2.23076923076923
2022,mean_space,0.365573993143266,-1.85714285714286,0.187905271750154,1.78571428571429
2022,mean_substances,0.281291308922401,-3.63636363636364,0.17958404661338,2.54545454545455
2022,mean_swear,0.35551214659031,-2.5,0.166950432978894,2.18181818181818
2022,mean_tech,0.197955756807497,-2,0.179107742424005,3.22222222222222
2022,mean_tentat,0.370428800797493,-2.4,0.147243174299303,1.66666666666667
2022,mean_they,0.406653006091604,-1.75,0.241660867002501,2.25
2022,mean_time,0.307779258973776,-2.1,0.251393333053655,2.56
2022,mean_tone_neg,0.424330019243756,-1.66666666666667,0.187328741599034,2.81818181818182
2022,mean_tone_pos,0.320105662774047,-3.27272727272727,0.240391517847927,2.57894736842105
2022,mean_verb,0.369829901061346,-2.3,0.224080063433488,2.05
2022,mean_visual,0.270663946050519,-3.2,0.195290176690215,1.5
2022,mean_want,0.39766767171831,-4,0.165765704909266,2.4375
2022,mean_we,0.391478627882409,-1.44444444444444,0.238338544548268,2.72727272727273
2022,mean_wellness,0.293782576986965,-1,0.199891803052505,2.95238095238095
2022,mean_work,0.407532912162923,-1.05263157894737,0.35785840968884,2.04
2022,mean_you,0.275060095798738,-1.88888888888889,0.18206931623407,2.70588235294118
2023,mean_Abortion_Related,0.420556535372111,-2.15384615384615,0.35017093596689,2.91666666666667
2023,mean_Affect,0.415100046805317,-1.80769230769231,0.409082610806406,2.64285714285714
2023,mean_AllPunc,0.428319652894342,-2.36,0.403061871998605,2.68181818181818
2023,mean_Analytic,0.375117073412347,-2,0.438117801202518,2.80769230769231
2023,mean_Apostro,0.470303044037935,-2.2,0.371152272932108,2.94736842105263
2023,mean_Authentic,0.396322969078238,-2.25925925925926,0.380274256347967,3.08333333333333
2023,mean_BigWords,0.420321769588643,-3.44444444444444,0.358482654934994,3.33333333333333
2023,mean_COVID_Related,0.464833784020557,-2.25925925925926,0.425176334078087,2.6
2023,mean_Clout,0.389077668752509,-3.16,0.353191490327254,3.63636363636364
2023,mean_Cognition,0.375828771390486,-3.20833333333333,0.339179640666947,3.22727272727273
2023,mean_Comma,0.430342675968998,-2.8,0.320931838235319,3.29166666666667
2023,mean_Conversation,0.456272288545893,-2.19230769230769,0.389455392864651,3.16
2023,mean_Culture,0.429529012489328,-2.60869565217391,0.349492158875238,3.375
2023,mean_Dic,0.390552536930561,-3.23809523809524,0.327079247572565,3.40909090909091
2023,mean_Drives,0.392781201603769,-2.9047619047619,0.34834559038948,3.72727272727273
2023,mean_Exclam,0.446802395766228,-1.92592592592593,0.413328334769481,3.15384615384615
2023,mean_Lifestyle,0.43349030402085,-2.9,0.328798587667328,3.36
2023,mean_Linguistic,0.374609809562209,-3.52,0.373459924911405,3.6
2023,mean_OtherP,0.413875822284009,-2.95238095238095,0.336506450596237,2.73913043478261
2023,mean_Perception,0.400926451636017,-2.64,0.375496679263751,2.84615384615385
2023,mean_Period,0.425017144533224,-2.42307692307692,0.421340348142672,2.84
2023,mean_Physical,0.462477097331527,-1.53846153846154,0.392239282881011,2.40740740740741
2023,mean_QMark,0.39662358375596,-2.45833333333333,0.366172798205877,3.36363636363636
2023,mean_Race_Related,0.414015764612258,-3,0.353725368777411,3.65
2023,mean_Social,0.411687331957194,-3.04347826086957,0.37397685140707,3.04347826086957
2023,mean_Tone,0.431621306166556,-1.96296296296296,0.409386351557358,2.66666666666667
2023,mean_WC,0.42189496633574,-2.55,0.348625592459191,3.5
2023,mean_WPS,0.413465039069671,-2.54545454545455,0.279977142338615,4.22222222222222
2023,mean_achieve,0.449765816762305,-2,0.397021088800076,3.13636363636364
2023,mean_acquire,0.412802300114617,-3.2,0.380692357963065,3.40909090909091
2023,mean_adj,0.443570535545734,-1.66666666666667,0.447490636790362,2.37037037037037
2023,mean_adverb,0.476590003846945,-2.38461538461538,0.378438255392138,3.25
2023,mean_affiliation,0.425456759312388,-2.63157894736842,0.37627473325003,3.55555555555556
2023,mean_allnone,0.388622945808022,-2.61538461538462,0.397840280485061,3.30769230769231
2023,mean_allure,0.380639294775692,-1.85714285714286,0.408839736142309,3
2023,mean_article,0.419085486590205,-3.19230769230769,0.368159738072654,3.31818181818182
2023,mean_assent,0.445130029369841,-2.55555555555556,0.341332404481332,3.375
2023,mean_attention,0.403260517664926,-2.46153846153846,0.344946511013651,3.44
2023,mean_auditory,0.367056610591143,-2.88,0.404744549215659,2.76
2023,mean_auxverb,0.394104855447519,-2.83333333333333,0.346242589306033,3.26315789473684
2023,mean_cause,0.409875128814298,-2.91666666666667,0.297213381419092,3.35294117647059
2023,mean_certitude,0.385952627391472,-2.23076923076923,0.457400730058102,2.66666666666667
2023,mean_cogproc,0.389061900563775,-3.25,0.343403690112645,3.59090909090909
2023,mean_comm,0.414899821503171,-2.5,0.360783274413014,2.92592592592593
2023,mean_conflict,0.452955425013149,-2.16666666666667,0.324284018925028,3.21739130434783
2023,mean_conj,0.400965620168179,-2.73913043478261,0.363774289299663,2.68421052631579
2023,mean_curiosity,0.434667510504008,-2.61538461538462,0.332509207819847,2.875
2023,mean_death,0.395868865678083,-2.55555555555556,0.398396570640477,3
2023,mean_det,0.435046355956148,-2.56521739130435,0.336820831910397,2.77272727272727
2023,mean_differ,0.420094886507724,-3.14285714285714,0.375857621984575,2.89473684210526
2023,mean_discrep,0.441423037203429,-2.66666666666667,0.38630137216868,3.5
2023,mean_emo_anger,0.424594272335817,-2.59090909090909,0.352699131528748,3.65
2023,mean_emo_anx,0.408746036492529,-3.45833333333333,0.367372674840663,3.44
2023,mean_emo_neg,0.416505990590877,-2.56521739130435,0.332645528438835,3.43478260869565
2023,mean_emo_pos,0.402421213087272,-1.33333333333333,0.44876999570117,2.38461538461538
2023,mean_emo_sad,0.464832276959016,-2.15384615384615,0.336254700634808,3
2023,mean_emotion,0.427044160891435,-1.48,0.432747088024691,2.44
2023,mean_ethnicity,0.434135830426842,-2.25925925925926,0.36254823118444,3.65217391304348
2023,mean_family,0.407415493761896,-1.91666666666667,0.420505949025016,3.07407407407407
2023,mean_fatigue,0.430234848710512,-2.56,0.287282279720662,3.16666666666667
2023,mean_feeling,0.386373174929109,-2.22222222222222,0.380740792045591,2.65217391304348
2023,mean_female,0.462186752788073,-2.17391304347826,0.415970443154157,3
2023,mean_filler,0.386950407213097,-2.85185185185185,0.409576285776432,2.84
2023,mean_focusfuture,0.380454529217099,-2.80769230769231,0.413517872070593,2.95238095238095
2023,mean_focuspast,0.41379940628622,-2.44,0.406808568895262,2.84615384615385
2023,mean_focuspresent,0.400274777290399,-2.56,0.339869289655587,3.3125
2023,mean_food,0.462689179044476,-1.51851851851852,0.413048129205358,2.91304347826087
2023,mean_friend,0.393946659043612,-3.04166666666667,0.382602272229283,2.88888888888889
2023,mean_fulfill,0.370234304910072,-2.75,0.349206962025413,3.72727272727273
2023,mean_function,0.277947518149738,-6,0.2813099200344,4.5
2023,mean_function.,0.395555936250395,-3.45833333333333,0.35326080318042,3.61111111111111
2023,mean_health,0.447321300062612,-1.95238095238095,0.411016184000613,2.96153846153846
2023,mean_home,0.44231426919225,-2.11538461538462,0.391327038834283,3.18181818181818
2023,mean_i,0.376722209810357,-2.03846153846154,0.40553740929489,2.57692307692308
2023,mean_illness,0.448633787177325,-1.95833333333333,0.421989562692855,2.84
2023,mean_insight,0.372191999825732,-3.125,0.348795520660456,3.23809523809524
2023,mean_ipron,0.390783224482801,-2.76,0.339980305068308,3.71428571428571
2023,mean_lack,0.404065151639089,-2.79166666666667,0.376951729232472,3.31818181818182
2023,mean_leisure,0.401048222273611,-2.21428571428571,0.385819129944287,3.10714285714286
2023,mean_male,0.40755957413757,-2.52,0.434651077164565,2.75
2023,mean_memory,0.417118751464627,-2.57142857142857,0.325784638003761,3
2023,mean_mental,0.39913452456665,-2.28,0.413114427387873,2.9047619047619
2023,mean_money,0.405754113421036,-3.20833333333333,0.363274214092396,3.10526315789474
2023,mean_moral,0.457339725210963,-3.12,0.359788898729738,3.0952380952381
2023,mean_motion,0.369950332260655,-3.11538461538462,0.389242303800801,2.92592592592593
2023,mean_need,0.422789551636079,-2.33333333333333,0.325196766916687,3.5
2023,mean_negate,0.36157657264117,-3.44,0.393489805349026,2.625
2023,mean_netspeak,0.434024428382907,-2.73913043478261,0.384316179913617,2.61538461538462
2023,mean_nonflu,0.467773281682728,-1.95652173913043,0.389686386803211,2.54166666666667
2023,mean_number,0.501243721121905,-2,0.306039897545335,3.04
2023,mean_polite,0.451637542721627,-2.62962962962963,0.409460792628873,2.91666666666667
2023,mean_politic,0.464865509441236,-2.95652173913043,0.376296235702854,3.15789473684211
2023,mean_power,0.397304257058448,-2.95238095238095,0.312894904998777,3.66666666666667
2023,mean_ppron,0.386383843758841,-2.31818181818182,0.389083258588872,3.33333333333333
2023,mean_prep,0.404844003396168,-3.16666666666667,0.324552579793434,3.43478260869565
2023,mean_pronoun,0.379659458094302,-2.63636363636364,0.363954603111251,3.71428571428571
2023,mean_prosocial,0.437764976775333,-2,0.41396801640779,2.95652173913043
2023,mean_quantity,0.474008941310644,-2.04166666666667,0.380789028269842,2.88
2023,mean_relig,0.380122874741492,-2.66666666666667,0.446426053140733,2.44
2023,mean_reward,0.376124176520864,-2.82352941176471,0.330609095872299,3.30434782608696
2023,mean_risk,0.41718346998988,-2.95454545454545,0.317137202554856,3.86363636363636
2023,mean_sexual,0.441527482970292,-2.92307692307692,0.352086958825941,2.96153846153846
2023,mean_shehe,0.413838652868192,-2.08333333333333,0.385890498377585,3
2023,mean_socbehav,0.413237675908756,-2.68,0.407843750047553,2.875
2023,mean_socrefs,0.387148989860131,-3.5,0.364614716864886,3.33333333333333
2023,mean_space,0.430151037439799,-2.33333333333333,0.408223097156341,3.08
2023,mean_substances,0.394842748166263,-2.22222222222222,0.422563074537147,2.8
2023,mean_swear,0.383600467765915,-3.16,0.362899791382238,3.68181818181818
2023,mean_tech,0.400791334470413,-2.66666666666667,0.342223950354461,3.04
2023,mean_tentat,0.362995394671343,-3,0.384290455397903,3.72727272727273
2023,mean_they,0.474680723513828,-1.96,0.390979619707643,2.90909090909091
2023,mean_time,0.411547830966885,-3,0.394647744262177,2.96
2023,mean_tone_neg,0.376812338260323,-3.33333333333333,0.377577455430452,3.44
2023,mean_tone_pos,0.411941122877813,-1.92307692307692,0.454671223706242,2.5
2023,mean_verb,0.361288623873008,-3.48,0.365708711962558,3.5
2023,mean_visual,0.427325236313696,-2.57692307692308,0.415406613530795,2.875
2023,mean_want,0.441706985058793,-2.72,0.341338814343537,3.08333333333333
2023,mean_we,0.440789843489489,-2.76923076923077,0.311011354368232,3.95454545454545
2023,mean_wellness,0.459786982589461,-2.04166666666667,0.40027607099326,2.375
2023,mean_work,0.400491238654257,-2.66666666666667,0.283613616288273,3.73913043478261
2023,mean_you,0.398220804207269,-2.52173913043478,0.374068813381123,3.16
