Date,MSA_Title,Daily_Cases7,illness7,illness14,illness21,R2_7,R2_14,R2_21,Forecast,Forecast_Lwr,Forecast_Upr
2021-05-01,"Atlanta-Sandy Springs-Roswell, GA MSA",757,0.275239429980119,0.428163523564436,0.300101838392498,0.546829205896772,0.566493730381596,0.572670383711557,822.555191627574,711.08550917817,934.024874076978
2021-05-02,"Atlanta-Sandy Springs-Roswell, GA MSA",821.29,0.26116774950831,0.418228852423883,0.32276710247119,0.546829205896772,0.566493730381596,0.572670383711557,832.936495878001,721.562316433649,944.310675322352
2021-05-03,"Atlanta-Sandy Springs-Roswell, GA MSA",834.14,0.25710218549353,0.397714832372195,0.349426970936467,0.546829205896772,0.566493730381596,0.572670383711557,844.62142355636,733.959289843915,955.283557268804
2021-05-04,"Atlanta-Sandy Springs-Roswell, GA MSA",824.43,0.257726046974542,0.36927115811509,0.376859315895651,0.546829205896772,0.566493730381596,0.572670383711557,856.178263939745,746.146779161808,966.209748717682
2021-05-05,"Atlanta-Sandy Springs-Roswell, GA MSA",795.57,0.253920739430934,0.345490435376998,0.398777988837986,0.546829205896772,0.566493730381596,0.572670383711557,865.318654722023,755.137439531099,975.499869912946
2021-05-06,"Atlanta-Sandy Springs-Roswell, GA MSA",763.14,0.251243193064472,0.321309950682937,0.41621011804282,0.546829205896772,0.566493730381596,0.572670383711557,872.236477889957,761.589429932009,982.883525847905
2021-05-07,"Atlanta-Sandy Springs-Roswell, GA MSA",745.57,0.254292546341233,0.294822092795659,0.428867667611093,0.546829205896772,0.566493730381596,0.572670383711557,876.686835981303,765.562089301733,987.811582660872
2021-05-08,"Atlanta-Sandy Springs-Roswell, GA MSA",718,0.259943265179317,0.275239429980119,0.428163523564436,0.546829205896772,0.566493730381596,0.572670383711557,875.691645273551,770.770844477248,980.612446069854
2021-05-09,"Atlanta-Sandy Springs-Roswell, GA MSA",625.57,0.263693405773833,0.26116774950831,0.418228852423883,0.546829205896772,0.566493730381596,0.572670383711557,869.884495525098,764.255015337633,975.513975712563
2021-05-10,"Atlanta-Sandy Springs-Roswell, GA MSA",581.43,0.259226306542999,0.25710218549353,0.397714832372195,0.546829205896772,0.566493730381596,0.572670383711557,859.566763720349,753.509878329459,965.623649111238
2021-05-11,"Atlanta-Sandy Springs-Roswell, GA MSA",549.57,0.256480017063054,0.257726046974542,0.36927115811509,0.546829205896772,0.566493730381596,0.572670383711557,845.67996958365,739.134753470705,952.225185696594
2021-05-12,"Atlanta-Sandy Springs-Roswell, GA MSA",543.29,0.25253875148364,0.253920739430934,0.345490435376998,0.546829205896772,0.566493730381596,0.572670383711557,833.77999471112,726.444720688824,941.115268733416
2021-05-13,"Atlanta-Sandy Springs-Roswell, GA MSA",544,0.245913492998803,0.251243193064472,0.321309950682937,0.546829205896772,0.566493730381596,0.572670383711557,821.759775985137,713.520321972934,929.99922999734
2021-05-14,"Atlanta-Sandy Springs-Roswell, GA MSA",513.57,0.23324973143431,0.254292546341233,0.294822092795659,0.546829205896772,0.566493730381596,0.572670383711557,808.99313652903,699.879400221643,918.106872836418
2021-05-15,"Atlanta-Sandy Springs-Roswell, GA MSA",489.71,0.214782243493713,0.259943265179317,0.275239429980119,0.546829205896772,0.566493730381596,0.572670383711557,811.608246967327,707.110986245638,916.105507689016
2021-05-16,"Atlanta-Sandy Springs-Roswell, GA MSA",480.71,0.19999919011791,0.263693405773833,0.26116774950831,0.546829205896772,0.566493730381596,0.572670383711557,804.745600282855,699.55895032077,909.93225024494
2021-05-17,"Atlanta-Sandy Springs-Roswell, GA MSA",474.71,0.19171374844956,0.259226306542999,0.25710218549353,0.546829205896772,0.566493730381596,0.572670383711557,802.762857037481,697.367597215054,908.158116859909
2021-05-18,"Atlanta-Sandy Springs-Roswell, GA MSA",465.86,0.180317709669664,0.256480017063054,0.257726046974542,0.546829205896772,0.566493730381596,0.572670383711557,803.06710932155,697.70413308646,908.430085556641
2021-05-19,"Atlanta-Sandy Springs-Roswell, GA MSA",443,0.174562822757132,0.25253875148364,0.253920739430934,0.546829205896772,0.566493730381596,0.572670383711557,801.211291087911,695.649867515447,906.772714660375
2021-05-20,"Atlanta-Sandy Springs-Roswell, GA MSA",407.43,0.171605566350704,0.245913492998803,0.251243193064472,0.546829205896772,0.566493730381596,0.572670383711557,799.90547301372,694.20222728862,905.60871873882
2021-05-21,"Atlanta-Sandy Springs-Roswell, GA MSA",383.71,0.180870414847672,0.23324973143431,0.254292546341233,0.546829205896772,0.566493730381596,0.572670383711557,801.392618361887,695.8507457131,906.934491010675
2021-05-22,"Atlanta-Sandy Springs-Roswell, GA MSA",370.86,0.19383945242,0.214782243493713,0.259943265179317,0.546829205896772,0.566493730381596,0.572670383711557,804.14842901128,698.899390796829,909.397467225731
