week,Forecast_Lwr,pred,Forecast_Upr,Weekly_Cases,mean_Analytic,mean_differ,mean_Authentic,mean_prosocial,mean_Lifestyle,mean_Race_Related,mean_wellness,mean_Abortion_Related,mean_article,mean_Physical,mean_tech,mean_Apostro,mean_relig,mean_motion,mean_mental,mean_ethnicity,mean_auditory,mean_reward,mean_emo_sad,mean_female,mean_moral,mean_visual,mean_friend,mean_need,mean_nonflu,mean_feeling,mean_certitude,mean_adj,mean_sexual,mean_netspeak,mean_acquire
2020-01-26,95634,96257.0451978218,96882,0,46.0392268434036,3.43363064467694,52.3283190895581,1.3728065505387,3.58715538740069,0.0107606187211383,0.0687838795767281,0.00088999222704121,5.81925045978486,2.09797369553341,0.411169832056224,3.49219550409303,0.207630787498799,1.57869486530261,0.0257801236115911,0.0966805474309755,0.306328558772859,0.109074536398377,0.096248333256995,0.370231335088732,0.282330928099739,1.05574262867419,0.197781338435601,0.409509349829062,0.246822230527461,0.443492662252285,0.906534617695073,7.12367387925727,0.0965220987294737,1.61015706818529,0.865274301305773
2020-02-02,63318,63827.8970385384,64326,0,45.8750176102525,3.40962834763219,52.9578288570373,1.21745321740883,3.41658653248697,0.00703989659189432,0.0311788571725257,0.00128755763470081,5.7470429145449,1.87992516638082,0.489923062778409,3.39286493832914,0.257215832273374,1.68179834124894,0.0413116964730321,0.074170692365308,0.220094503193149,0.111875461303377,0.127588214594377,0.308476100984957,0.350200132639882,1.0883440645731,0.145923175546213,0.44872634611949,0.334600442344529,0.426881566997297,0.893348472525151,7.0080662197966,0.107680473777821,1.66271158326443,0.950124922895114
2020-02-09,121009,121720.116587054,122459,0,46.9189232486008,3.43562251475959,53.7461266375036,1.08277924671934,3.54492138389827,0.0104735698180384,0.0244838298571909,0.00079616963884912,5.72048273643553,2.09917881803084,0.40893938981073,3.48468856650111,0.214215736907374,1.6768843333912,0.0378483126737893,0.0990609979477267,0.289735898055275,0.118147432145815,0.171583647899162,0.266528550941599,0.262328054280789,1.09354272499057,0.184884584444002,0.40090275221609,0.313189591240327,0.488656476700006,0.894299315666065,7.52268095187448,0.057189687187207,2.04727166151958,0.8888330409764
2020-02-16,187758,188642.237412692,189531,0,44.7305479059421,3.64073760164601,51.8922248008701,1.24233551162795,3.61671813434148,0.0210530436548968,0.0232674982852783,0.00097864926069453,5.73896670747058,2.04623317300727,0.424799276284948,3.59579571651888,0.22520407335145,1.51062468779471,0.0224854841409281,0.162694465374971,0.332941297163578,0.110397788969901,0.103015202473274,0.357244359079912,0.346147952443285,1.02348037430111,0.166142219756772,0.437476855634604,0.295982869643856,0.466793706840825,0.811686116962877,6.78109924785737,0.078381719964944,1.74586824416783,0.872501394691233
2020-02-23,60806,61327.2249933949,61814,0,46.1797023268414,3.45798428046709,52.450320143385,1.36458136455833,3.5448856373068,0.00989624629785352,0.0254112320076223,0.00118400539317904,5.65448859586265,2.16008462289891,0.41822669988494,3.3596208519069,0.222898537005342,1.47777280155444,0.0479457073021121,0.134308954222128,0.295322520922527,0.10305653988636,0.102985036310688,0.450257656613736,0.270232171035645,1.08746950909592,0.141261058768406,0.431600971234999,0.241682204255148,0.399618219880229,0.79821919048665,7.1186197829952,0.0897256033512623,1.82434107392684,0.851293802052411
2020-03-01,168803,169661.620631998,170500,84,45.3769487735223,3.57469329693691,53.6394460806764,1.07377485733037,3.55482527876714,0.012068320306422,0.0405952320584875,0.00197246842414676,5.80485079374294,2.2916024445647,0.42495571367898,3.50252626971285,0.234378685721893,1.67284261424743,0.0599633009940538,0.102703611861601,0.281852841581096,0.0872986961972214,0.0727676558574897,0.489836533339772,0.290747962484659,0.99155851863945,0.152407119154301,0.405658239945282,0.268125931467747,0.390697308441905,0.804499759355046,6.93256685972746,0.0513794115072262,1.93317756939065,0.941211689533358
2020-03-08,215305,216244.961156376,217206,1050,45.2468238948011,3.65043664574784,52.8001367267946,1.10290551536262,3.82692937024548,0.00885094341659191,0.0421514778892682,0.00131954515341821,5.80866389220254,2.52804141720963,0.382568217903656,3.55258173116326,0.197298794259097,1.60833177978302,0.0151486845266335,0.0865569777911897,0.229100199552735,0.100691901885998,0.12964140502007,0.368261004415082,0.240404525368392,0.970877242660333,0.18114153602823,0.425276452389828,0.26678134267867,0.470004491361754,0.792907237595531,6.95142053871846,0.0430333886289299,1.79606550616842,0.931614114601637
2020-03-15,434152,435632.491419083,437017,8295,43.3488102210817,3.82774060319027,53.299922889818,1.15173176507077,4.22565837604985,0.00954394565034222,0.0620096503312411,0.00127954750779166,5.40826213024012,2.87584779785691,0.362240191070908,3.46429354469333,0.211482122088989,1.53625179779691,0.0267384221124752,0.0780590276128678,0.251443025772662,0.0831208468577444,0.139413305254093,0.329996754328662,0.258975313252163,0.788312023814679,0.15522793316386,0.593570312265517,0.296293927043302,0.403398381755882,0.821887000984283,6.89139113286936,0.0359888882637234,1.64334765532855,1.02781759747213
2020-03-22,450931,452360.339919255,453872,31430,42.6487573479205,3.87660359799973,52.3304650084916,1.25499763643435,3.89622116318859,0.0100311182210109,0.0542348338869062,0.00096427672910278,5.45263131658267,2.58014350725202,0.383615253881458,3.50419585729313,0.2036131244092,1.47136598442411,0.041951804978262,0.0871144159127841,0.260794878875675,0.0693570914062804,0.129029243432164,0.395910945290367,0.335155444537904,0.797013238096904,0.123170469456585,0.642358155982406,0.276573431797398,0.361068837817173,0.821420128042571,6.85461481961868,0.0434082003054256,1.50115626959791,1.00379079132983
2020-03-29,285428,286573.752275991,287646,83972,42.7231099747767,3.92393751762059,53.2348578730061,1.03813222605615,3.79985508295032,0.0103291324555123,0.0382102265036979,0.00106655921074266,5.66613834059392,2.46601554955197,0.421086712646857,3.57430644429055,0.229692371769116,1.49027650769677,0.0420746136536076,0.0684537392583599,0.255568454893412,0.0822174796139897,0.110021955646945,0.28760159402234,0.326092471671338,0.781385824569265,0.140702331792639,0.623307224097236,0.213991126524512,0.374212722421133,0.808711441167863,6.82855625856692,0.0636861808939804,1.4100346276968,0.996269981719549
2020-04-05,125796,126509.593971319,127228,114457,42.9768406818182,3.88828213444568,53.0331780734828,1.17057586064776,3.58847439056141,0.010555113492754,0.0369644897036168,0.00149880355361922,5.66360737541277,2.37441991362016,0.437189360663796,3.43308593636596,0.24397535114492,1.45710817807163,0.0438475834164399,0.0558357282698364,0.242342231083667,0.0810437258491132,0.126370870752309,0.261076154629399,0.307608584098895,0.879626149144085,0.166740221074515,0.64250319050078,0.232035882500059,0.351806210791989,0.77367095935464,6.87219160888336,0.0670173519871263,1.48783820704466,1.00166596487521
2020-04-12,88809,89369.4061474356,89953,132384,44.3455422044313,3.72787018675277,55.3921648473184,1.2463837055154,3.67624032883325,0.0102721646919062,0.0315687205021072,0.00268689382373782,5.53375296982905,2.13939621030464,0.485812297676405,3.34150408890724,0.184108752320157,1.52687400871244,0.0451657511364886,0.077603245984285,0.298818228669301,0.0970159525873,0.124772002962116,0.268739199423179,0.235338028431041,0.889030587611465,0.17131167163981,0.505605607754986,0.208670423081124,0.351086038508339,0.739446419205232,6.90124199483281,0.0498932517328024,1.58147524207217,1.04485797034483
2020-04-19,458267,459727.148805153,461133,132895,43.9358398818098,3.80248131809784,54.1184472048263,1.01757844941087,3.75228075072158,0.0169217667678877,0.054576974993542,0.00221772420170011,5.65698569210081,2.23908500670028,0.387132053320077,3.55288226734391,0.167375492521719,1.43995827982708,0.0352239105733375,0.159004768707263,0.328261206438806,0.122246148745399,0.117904010060089,0.250154925883811,0.352754339699951,0.817030834217176,0.151563486922676,0.5127060495652,0.219956034252481,0.36785499989854,0.833767498804036,6.96239894005878,0.0378965482622811,1.45598933234822,1.00664650256376
2020-04-26,457219,458663.787289751,460091,116802,43.5737021073529,3.93183170855082,53.4478055448452,1.11488588473446,3.87436175714384,0.0153055102171567,0.0690156544748977,0.00118391619068999,5.77599554703229,2.33657993723352,0.360346807440138,3.53395415470243,0.172023277151151,1.29127269100131,0.0271103369269153,0.0963856603037993,0.245602963903468,0.105544975798696,0.10319107736823,0.315305922904061,0.298626841404509,0.898487269113978,0.128979662353717,0.464513261847104,0.267505077435459,0.36386197110863,0.83081936174337,7.02323504155074,0.039411129303587,1.41383140441954,0.993700677165695
2020-05-03,420663,422051.096831298,423376,125216,44.0656295501328,3.79458073992992,55.0117819392669,1.1688237429091,3.75655393357783,0.0165616818472859,0.0562149328150853,0.00099716873028163,5.89454196545858,2.18788289476343,0.389035687209964,3.40295746965788,0.217205152895858,1.42253491761694,0.0204828262117568,0.0932998067344323,0.282291837054431,0.109143585650514,0.104762397121852,0.26937863934967,0.262203954706226,0.985673828788581,0.121271079146139,0.491611215635334,0.22999608435065,0.381537107827174,0.833392670611741,6.84776131099708,0.0458949228170002,1.40919438720148,0.986459142060716
2020-05-10,317945,319063.637627133,320271,102893,43.700843503574,3.80843303364446,57.7822048111411,1.1299668695019,3.77276332710214,0.0149845677061298,0.072789265398113,0.00176510095102362,5.92647480667149,2.11559645657522,0.408707322630879,3.35830081765424,0.141102617646476,1.43811580862954,0.0189847938205478,0.0621625628810955,0.281745612421364,0.106210016780117,0.0971955175903832,0.31658074752466,0.235766706974135,0.83592788114472,0.16614078972889,0.48523619604273,0.161328986747257,0.422216044100021,0.777400649134797,6.86432620902138,0.0860341259301098,1.3235955998959,1.01982490335892
2020-05-17,240157,241163.361760754,242220,77882,45.1751903469846,3.84428259448943,56.7602338855934,1.16962447361092,3.63869702136234,0.0190740993650871,0.050086088026162,0.00133830472417118,5.98828120579513,2.03655904650815,0.445719137620773,3.38784521747116,0.131097502980208,1.47065753079632,0.0166162897637167,0.0794763220742203,0.258755265667606,0.0972639929817128,0.109052577616573,0.259120522765408,0.220997263587442,0.889309317573648,0.145454587491124,0.414941014724268,0.206003649734972,0.390314485373535,0.862512583397751,6.93038134621684,0.0552597132183493,1.351696064876,0.944407381790899
2020-05-24,199900,200889.884671739,201790,143514,44.7648534390825,3.80152925516375,54.6297820206626,1.07638465647884,3.573101410823,0.0134875316180527,0.0435747475861091,0.00205234469326498,5.80848590128524,2.31111673283293,0.522753948029353,3.38634637799393,0.173253873160775,1.43142072964613,0.0208575805720053,0.123058112868231,0.237627969578206,0.0980594613442173,0.105468353994394,0.321439459340593,0.307045621242122,0.99239060161152,0.123437685619958,0.406851970768106,0.199625803247634,0.422534590046963,0.794174000285025,7.13189867057433,0.0673419443339989,1.30006945388539,0.902188668731631
2020-05-31,98217,98902.0416655855,99543,114800,45.0815875601206,3.70164926188093,51.7820718657201,1.32774405719634,3.24006209622659,0.0319051894176501,0.0355349188705024,0.00405240575733211,5.87793308070997,1.79837503143244,0.498447814344698,3.37380584148194,0.1983550270804,1.45349287087957,0.0205692772217203,0.164265550517379,0.324653636664628,0.0933975746527172,0.0963943930624425,0.37093546907177,0.300673958528325,0.958985189206606,0.136633491199005,0.474305897574819,0.163313553587291,0.34688738437253,0.752071529058194,6.42228902709436,0.0514938657343085,1.25385115088701,0.953520237885703
2020-06-07,81483,82040.2516202091,82619,114611,45.6832359718468,3.67376240935682,53.9443846211639,1.48761267354564,3.05945470214414,0.0329082701220192,0.0340698103953511,0.00101068071539237,5.90067995802618,1.43015228536738,0.415165994632956,3.28044718043575,0.174454944132796,1.49829480458509,0.0299907431790971,0.139819315592461,0.285227963706581,0.0895833593269023,0.0856418509920173,0.348916327200234,0.304980422255052,0.973575315942949,0.151202085047028,0.486495877383962,0.170503465086578,0.301275137316409,0.823480454616999,6.56844768485103,0.044416290614634,1.38720586448082,0.98733351060824
2020-06-14,245897,246940.430968408,248018,122430,44.7135910325538,3.83738973482315,50.3379740178063,1.27685380958014,3.01061643459767,0.0507980998879275,0.0308030117539027,0.0006885222542892,6.37540515363087,1.85139494481252,0.404474174726229,3.4068670264353,0.16200572868174,1.46351853868842,0.0386514031435862,0.224936242538486,0.277342284746248,0.0846409973264296,0.101762935435389,0.288807816071146,0.387399597045372,1.0271241914927,0.14951973720254,0.443946152115021,0.228847664136147,0.299534261918944,0.835491929515232,6.61664598343481,0.0400839307766119,1.25484000053957,0.93681549764206
2020-06-21,307273,308438.012369993,309640,218995,45.5528199786608,3.75489775243466,53.1106924792096,1.16941143173936,3.33817293047379,0.0312966145464094,0.0424719235114742,0.00049080613907275,6.12008613890892,1.93067331304316,0.408525274803045,3.48266663319787,0.16431494776687,1.5453702844058,0.0298704736425637,0.130260008534066,0.289796146475905,0.0703481040648792,0.0965648127284287,0.359409516914865,0.287862709374832,1.03912628053137,0.192584644151571,0.435870584853368,0.222814653323898,0.364506216796409,0.895747619412899,6.9011922093195,0.042266610594629,1.32684098195941,0.936480149500961
2020-06-28,204575,205496.042032332,206407,321216,45.0236910895787,3.79508766069445,54.6006923264181,1.21976161249192,3.47875191769242,0.02445154421413,0.0427512442656543,0.00064905635131749,5.89205866203414,2.00870808965824,0.374313498371922,3.49602250637112,0.17562721450137,1.49314974013564,0.0170551228585537,0.118797238832888,0.293734137685923,0.0780941516634569,0.126190729412654,0.251058238412137,0.291512486584254,0.832328117183628,0.140722345802581,0.493261472811502,0.24805943330312,0.394884221952533,0.803280248475368,6.98428534959278,0.0690591248682706,1.5167230176807,0.963933196635083
2020-07-05,207859,208847.579576294,209822,464604,45.3662279916136,3.77270926794942,53.3183001312839,1.27748822811825,3.2397699698649,0.0266467195426441,0.0587851426648756,0.00091601458709308,5.87950054386623,2.35909242788632,0.338104031665984,3.62948317829802,0.221847324861405,1.48945945698867,0.020028376226035,0.147207469144931,0.280892593825745,0.0853672941901475,0.0877635069152223,0.299760732041776,0.251549289403885,0.975453698421104,0.143383258508464,0.504164507577966,0.306341664652766,0.436862477589026,0.690268623152125,6.90813627982573,0.102732918845095,1.35057306644311,0.973801627691613
2020-07-12,205486,206456.440419116,207368,520450,45.8457378164528,3.73744539906934,52.4925416879466,1.13198402300195,3.34063886067659,0.0212639444837212,0.0561388393630311,0.00127309204224106,5.84480354848401,2.32111302877998,0.319936525169056,3.55500762422779,0.20527858849764,1.49927501053557,0.0194960156610625,0.116832948507091,0.22613529517012,0.0906739671258194,0.0903642173019182,0.273430796665774,0.337052880404656,0.974362789525789,0.140032967368481,0.512925188958807,0.253335540683016,0.3877919937264,0.812296728998249,6.98440768971544,0.0533378741555785,1.44844494910469,0.919652544572943
2020-07-19,242602,243584.135346276,244531,543963,44.266358239066,3.81113342273361,52.8211991144453,1.36857844047889,3.39518473677584,0.0222171232267009,0.0509329575979825,0.00182833815672587,5.80311411790277,2.16448055209377,0.330172324690051,3.53376341394545,0.190325943913058,1.47280312161955,0.0291108879322011,0.136131903409173,0.296808703147669,0.105541921755801,0.106476109144979,0.375707359250506,0.285787409323537,0.979250057256954,0.139902377574952,0.522465926509313,0.245774399061578,0.368174160433083,0.86419305747884,6.8418435422978,0.0645655389657663,1.58878921680734,0.919572312538831
2020-07-26,712156,713889.981064418,715556,581903,44.0168127165043,3.69162939037453,53.9223402069239,1.30126563553107,3.68524364478443,0.0195844316693352,0.0375888445417203,0.00122007526808553,5.85698681807921,2.42738461736215,0.367336330793533,3.48519338608705,0.169406031990214,1.44273642028034,0.0401264306075315,0.16453842192719,0.288103485788788,0.0803035677236539,0.12438077682369,0.388469231635826,0.293788130372438,0.882659019841651,0.143304005605216,0.46225983763059,0.284244561598953,0.40955272144968,0.861930870666523,6.9426509756569,0.0392191316154952,1.51813239282531,0.934558794455458
2020-08-02,524546,526095.855809444,527600,564718,45.0035870933753,3.74135215562135,53.7784475066594,1.22359966068294,3.63117948624266,0.0164518396757382,0.0287700560689148,0.00211970824157283,5.94352020065117,2.42618338952973,0.454183312349494,3.40111014657236,0.152818479472438,1.47707022022297,0.0411887135199111,0.097245349735107,0.244620202726815,0.0870638617189825,0.098660584612034,0.377156865691583,0.288018857572889,0.867441108984544,0.127417892319891,0.496727253152453,0.271476925215486,0.449288418903702,0.893356117132923,6.94686960538429,0.0354260928090934,1.42184645631309,1.00071484068848
2020-08-09,385200,386398.08155865,387729,569730,44.8438846889093,3.67418382035543,53.9606780285033,1.26169928052665,3.65077921344111,0.013896296876212,0.036020187133148,0.00228040493860497,5.88103801223073,2.30014113938901,0.414513828542216,3.43796925490757,0.183173982195401,1.37560440717527,0.0466510300066738,0.070383983529552,0.337095913841516,0.0805842926646542,0.10789524138525,0.408379409928206,0.269469576532014,0.935096975979553,0.144586592111973,0.468996133247239,0.259863524849555,0.506242596840572,0.848518176469213,7.0057848052868,0.0796921728437729,1.57459168963856,0.936646736949598
2020-08-16,661820,663522.837448959,665380,449645,45.7410702448863,3.56833899680806,55.4892804303936,1.12887232846838,3.53450162264086,0.0183159690277748,0.0576490487382851,0.00149520756532431,6.09252872576507,2.46350476660863,0.313363929977068,3.4765965097512,0.201737462752886,1.45720345314003,0.0206351363733485,0.140136437878012,0.320960147206791,0.0671822022013496,0.127813465043543,0.297042289501858,0.327484829271895,0.895067426968567,0.187597838896185,0.407535734911883,0.203577433768125,0.442397022388992,0.824996513257017,6.97599952470711,0.0631932601601236,1.53308386858886,0.908301318616005
2020-08-23,437856,439284.771191709,440561,394968,45.7471990843752,3.46160529753878,54.3650874881356,1.28319530840755,3.62917058630592,0.0160303909031203,0.0618587621753487,0.00083735991809954,5.90442597475936,2.41185030418065,0.331047691706371,3.20874196411611,0.182840251015295,1.39676673958642,0.0244473062466927,0.0953339489812372,0.300349219075652,0.0969917132548688,0.116898174738723,0.288399124369153,0.317439414128194,1.05087968875475,0.141460453118461,0.440957128556201,0.222606543142004,0.512234722122322,0.854708512245739,7.09934311015232,0.0382444395548857,1.66882141219187,0.916345770969653
2020-08-30,749525,751430.071123715,753238,303842,44.9374553887189,3.67611412957375,54.3712199380642,1.54065875180812,3.69624110625377,0.0183503602712388,0.0688408031293811,0.00042142505125561,5.91647825019172,2.47487619810988,0.340295309876636,3.34507644437656,0.16142620291157,1.35908627036704,0.0420144991602039,0.131547628868742,0.323614072370946,0.0982438141573945,0.128444414530264,0.340819624570631,0.273791770114827,1.00618801998107,0.156899353625419,0.434643764272045,0.231104284396682,0.413730698111483,0.772138830050883,7.12852329766766,0.0478642616639465,1.3648727383131,0.970679172417453
2020-09-06,500180,501635.729645046,503112,238924,45.9097108183259,3.58592253045485,54.5745120500391,1.60127118489278,3.6777100999543,0.0108394061019995,0.0444991844166536,0.00424199631293488,5.8232074099069,2.43133240625127,0.347504578795985,3.52134500308639,0.154619457628987,1.48943348112211,0.03261154112823,0.113450301680942,0.345140102375093,0.105648242531998,0.122633280532117,0.335504562318687,0.205884097035409,1.09665459728517,0.162103247409346,0.452898111336791,0.292489891256797,0.38803903434421,0.816827724514816,7.47239924305976,0.0569721275282118,1.52499187873881,0.995089757929525
2020-09-13,390174,391490.969758846,392821,230888,46.2459755215963,3.88547294909961,55.1310541253463,1.15213739553614,3.66684178595797,0.021469809429847,0.0841056803676374,0.00287264681941272,6.15508656187422,2.44345148638481,0.344596598276888,3.49809873875168,0.161672049211852,1.52403139468209,0.0515217299790814,0.139624721437263,0.328874291995929,0.0937941381984015,0.13365814583939,0.316382691069975,0.222746572393233,0.977993351369302,0.147714431666769,0.467286685552525,0.176480209137905,0.461644652248432,0.810150500774248,7.24165743836108,0.115523170547403,1.61992585866288,0.894682778015732
2020-09-20,783193,785208.069776112,787005,221683,46.0141609589664,3.76548224717079,55.1217124689404,1.39001865790149,3.51087054016222,0.0275566086761014,0.0920871907911808,0.00069198770099494,5.88266052904672,2.43882469120657,0.415006835718093,3.39355273165197,0.181784094858536,1.46229264256126,0.0445603667135563,0.218038108452532,0.268179579004619,0.10904106238766,0.108188279317367,0.31710880118165,0.314421096320357,0.963783165075198,0.117971474710376,0.458146885871885,0.226480341724713,0.423146499177958,0.794246407466518,7.27960841365802,0.0445997786434941,1.43061436784704,0.949372765481069
2020-09-27,343377,344627.487978064,345840,199059,47.4875536742451,3.54122929864124,53.8661500979958,1.6352313315039,3.48797566689564,0.0152388369476408,0.10484954814466,0.00467592029749583,5.89570927600872,2.6402999665435,0.456997762502651,3.44257316131065,0.174109360312104,1.43121719555243,0.0529570364120294,0.149776699380767,0.285492232091034,0.0756178335936423,0.123214432138125,0.332037410225758,0.268911040363055,1.02738288564871,0.143553080405847,0.394778838992055,0.227914386880868,0.418830843503626,0.776125354734036,7.01026802455437,0.0710099177415535,1.59285902117819,0.970343823417446
2020-10-04,311752,312922.648241524,314058,209013,45.6982907941157,3.60382168790155,54.1505712345418,1.41734705123681,3.32209089393053,0.0192123246678021,0.0615848821684237,0.00182682527451541,5.90426156545995,2.3358510004814,0.39751243379575,3.33178510803084,0.194567761629373,1.61636949321492,0.040357705291251,0.112261070472705,0.344374657614999,0.0854961612645114,0.117726621955431,0.431634872046153,0.277411181101659,1.07478101557931,0.145729435577107,0.417484831932034,0.171284377554493,0.435841616542442,0.818396356208813,7.09546686523651,0.0611621530044413,1.70101703384715,0.977418581723315
2020-10-11,252889,253923.39969817,254935,247989,47.6244379843727,3.57797873801402,56.1445731464844,1.33311872916166,3.21867286583161,0.0144341801145663,0.0450333261889737,0.00107944311007828,6.00183265504199,2.55532922551961,0.341351365849087,3.33620612694825,0.168028740392046,1.61187330442091,0.011833659174396,0.252974565963138,0.295995305128352,0.064566473548495,0.148327236986694,0.31336613062611,0.21436314724018,1.02313075971127,0.12467835002255,0.402523211040483,0.241887157366475,0.357088577027536,0.703530323806383,7.19429072713951,0.0683469905651223,1.44279777902623,0.908526721038768
2020-10-18,155594,156409.607050586,157207,255395,46.4839334664231,3.5844667753759,56.6409964428752,1.23262348740745,3.23274127054654,0.0156928862594549,0.0328341226237721,0.00105549788533107,5.74977694050322,2.33619943612298,0.377218714281228,3.31664378959356,0.1551471772726,1.44653601973645,0.0194181013005152,0.122357166474032,0.251253321042921,0.0711434901029521,0.154744023084941,0.259231454447995,0.155097643047009,1.04889382785723,0.155880362657414,0.403245592199965,0.249759431853259,0.399051892759767,0.826325808252276,7.1424941957091,0.0301266349128673,1.58546244440737,0.889034034807754
2020-10-25,215932,216876.749067794,217866,272594,44.7691321406657,3.53409883123027,53.8529422012623,1.35827470317739,3.14761776776559,0.0167132018891699,0.0271968249698307,0.0027382446842079,5.68452611312869,2.30058148468825,0.413055251011905,3.58817364402973,0.194943292031308,1.62439425029064,0.0232338347604744,0.0858005010615516,0.296531366209148,0.0754782059201842,0.0921071654154442,0.327343885853251,0.26355122500206,1.13327638226619,0.160879505059981,0.45371704763837,0.256684041844506,0.418409538661924,0.92125197641815,7.17405387284177,0.0585871760146131,1.62082419735907,0.986851218065877
2020-11-01,387753,389116.646670411,390524,841701,45.747709922203,3.7107640175087,56.5992545746413,1.1598789637128,3.09321699109424,0.0189868466231508,0.0262219366823679,0.00190346198539349,5.49125662208935,2.56327042899178,0.362821961142438,3.60497410412551,0.146996764658481,1.41415643961687,0.02669921807379,0.265033692567874,0.256897334202411,0.100854731629322,0.15108360686112,0.272591353820298,0.217271256218677,1.00578668448346,0.187766180313251,0.447570647586561,0.204257339454214,0.401856917422011,0.852471558227322,7.11239601821019,0.0434539090277925,1.42180476536491,0.911537078966092
2020-11-08,122221,122918.833559991,123646,651693,45.4783538527889,3.74638119318013,56.0158466686688,1.16750542249942,3.26321948679205,0.0190840011797941,0.0280750014574405,0.00151765419697882,5.82120406772493,1.86532698446466,0.406122793048236,3.39730967564024,0.140189777973228,1.51097559094666,0.0239857147078272,0.150465698075977,0.268970910653744,0.129798975510388,0.124951480417091,0.316175107453686,0.236290546446949,1.0875684073513,0.222390009755246,0.403057933944312,0.18626706544939,0.361781841509873,0.866475529272919,7.16143113383472,0.04744807095871,1.50368749088899,0.884790040238592
2020-11-15,300480,301659.17185374,302805,539000,45.8894753027808,3.49767247447588,54.9481726064403,1.12582787987835,3.85710545156382,0.0193248259241146,0.0371687964551703,0.00125396692902745,5.96556315170555,2.13511131113599,0.412299591345776,3.32662106145797,0.187653194812541,1.48203513863112,0.0379065664152582,0.114549618518631,0.237612801740241,0.116777898194173,0.127689615513386,0.432812986059848,0.210869741478394,1.03783468586807,0.189163465670286,0.425527323271987,0.363069069970675,0.464648999911451,0.77833906505161,6.97026122916001,0.0570187875471438,1.68729387786061,0.922349180898961
2020-11-22,335324,336581.515561865,337804,670096,46.1849837697502,3.62055435600657,55.0710417712008,1.3685940553747,4.08682627609141,0.0203186934916186,0.035408877999131,0.00118292062773714,5.89234238442835,2.34513901737362,0.377345027874392,3.31911367840648,0.188565175818528,1.55915183034138,0.0418008565878253,0.12151807197625,0.233864997287052,0.112763881413002,0.102643765407436,0.342619946417896,0.240010478902172,1.02001266875244,0.165045079565699,0.49542523029384,0.243314125624378,0.362020177446756,0.798694817510742,7.33484769604073,0.0556386835613326,1.35010296517738,0.849728073133631
2020-11-29,698710,700551.907892167,702377,656502,46.4716772503174,3.60042232412807,54.3719264609927,1.16103113369761,4.04937942695336,0.0148492480088859,0.0584122389719527,0.00052467059805411,5.99838205969863,2.19791464261472,0.441918865236244,3.56937941879273,0.286926892203933,1.43777633088332,0.0488035190614246,0.127340954148264,0.220271562190577,0.104811267207597,0.140608017469191,0.264605666892438,0.22429664196307,1.02638275526192,0.0955692723862231,0.418682594414743,0.145515981022375,0.367797583653878,0.754683575963817,7.14639887316304,0.0350954488729725,1.09747119483906,0.872620732417146
2020-12-06,414745,416122.652302736,417404,962206,46.0995777137247,3.48626392683966,53.4922901931379,1.54389769726835,4.0131806028499,0.0164270767350851,0.0351160445457718,0.00026458048081667,5.95873231435682,2.16232698332992,0.479693195647701,3.33923211693092,0.292558096692493,1.49754552065723,0.0427699674377997,0.0954562411976353,0.250519678135889,0.0982919952138247,0.179922495421284,0.288371092418834,0.238454747733031,1.03753387715053,0.104167162454103,0.45697735700791,0.175683303509231,0.422762602025756,0.83110473012779,7.02128273897734,0.0570301171694922,1.46400334651128,0.938272695321185
2020-12-13,824950,826982.10073558,829079,1134847,46.7603407032913,3.59829416900758,54.3058383518396,1.35716454596493,4.02256873670145,0.0174170151864616,0.044246637401148,0.00012949641913133,5.9717276390262,2.09372337242606,0.446746483661958,3.51408919950534,0.270553319198035,1.59122888293405,0.0345130013809346,0.138544516945554,0.306654074550719,0.084688360761743,0.09349063404813,0.494654473230064,0.279313273139724,1.03500943666221,0.127812297654243,0.470973850853484,0.256486207028176,0.403848422230177,0.724584062483857,6.99423321880049,0.0669159337772456,1.3662944346828,0.909446258707556
2020-12-20,819670,821751.518581191,823837,1220156,45.0441348447749,3.59449712822121,53.8575114069442,1.18919583780864,3.95087469730349,0.0128550909766022,0.0810226500270805,0.00185130190065507,5.66944707072448,2.50742730644931,0.393468014149589,3.46439233018149,0.345094876589929,1.46401897158983,0.0279434988367221,0.160706743059025,0.261260078202617,0.0647294822088562,0.116468677240814,0.601488042600793,0.259969719078492,0.957990087606408,0.160693591860236,0.44774048448952,0.238471058333594,0.397795953917955,0.745248427200489,6.81802685511222,0.0510930441581573,1.40409770201127,1.00139526340262
2020-12-27,1183786,1186455.16687628,1188978,1262401,46.7036661990682,3.56310103428964,54.772843334596,1.36852843498642,3.5823764609749,0.0120719484586898,0.0350259203001625,0.00063524436057459,5.75618699853253,2.82741737588503,0.361990748835391,3.43806802902169,0.352346865131289,1.37899912367318,0.0195735525908506,0.143191087072261,0.312910714580145,0.0595259567955511,0.130419755366559,0.356680153768503,0.290908986631802,1.01212194193574,0.130550708672978,0.382335900632769,0.215484039694936,0.453403373652071,0.851039370331828,7.72565553876051,0.0409201808840341,1.30658692659636,0.963577447083502
2021-01-03,845208,847239.664662868,849216,1541827,45.722586320781,3.85035863445357,54.9319005424625,1.38094066651592,3.39294559530003,0.0228719732768407,0.0480523315151935,0.00119674475198872,5.94641077403834,2.56435026608185,0.352131237891849,3.41708506272884,0.135383902400849,1.42071260125736,0.0227154519461164,0.192688365180286,0.307036834814693,0.0849152186149112,0.0913114723718919,0.414876694903473,0.269214560300573,0.895548986234396,0.130632173758187,0.435370739325124,0.205275148376692,0.473462658824962,0.786174058894469,7.12586046250621,0.0391302973507258,1.17696783420497,0.867793999628122
2021-01-10,1376663,1379424.01930767,1382046,1794317,45.9535547182813,3.64645877228066,53.5347886994048,1.25582635537075,4.23380699778446,0.0244531951425357,0.0691467180736052,7.03729767769177e-05,5.9231746806339,2.40678429486249,0.378746685001614,3.30775198450539,0.176462820732301,1.42057016771562,0.0514559574186823,0.119318885730705,0.2308854377324,0.0933863372961769,0.0756068520410736,0.32907050605677,0.285775223092408,0.981122684405182,0.125163239007982,0.439691835241172,0.21220451977665,0.576165179923254,0.850759980601306,7.32502932603814,0.0124020412451972,1.06248975760678,0.877957424470318
2021-01-17,1165518,1168055.31767134,1170492,1551914,45.7390653224049,3.68060870130943,54.5834130956915,1.18235644566994,3.59453779388413,0.0147533792878437,0.0795547648140695,0.00157737205937502,5.93544579757053,2.50106350083413,0.322880379534498,3.46025679022788,0.165521608038728,1.46043699355118,0.0800342053072427,0.101931925920149,0.245849101291465,0.0898896802467956,0.0782474138522369,0.381842695631942,0.282098845416222,1.03198875423178,0.150483609337963,0.482036290829998,0.262146904507923,0.46811417613686,0.774647391509446,6.93420987233352,0.023697641427039,1.30203070898191,0.986388407036676
2021-01-24,1160209,1162856.04805941,1165322,1406174,45.2523668477569,3.8722422814445,55.22131496077,1.32756237814967,3.39102709293976,0.0158000164335818,0.0647175253032264,0.00283442197157842,5.85533261591812,2.25512679018851,0.366080495588267,3.61924632971932,0.135794294964583,1.49041239375852,0.0301738214804107,0.105856780536435,0.263587975579057,0.118943746223573,0.114787956840827,0.390619592403847,0.354488124428564,0.945712128092363,0.10830736350223,0.46868283980462,0.263339482992755,0.423204516034983,0.682837285451647,7.03701366917225,0.0299286767644575,1.53293497695765,1.03187113724292
2021-01-31,444466,445890.414370562,447290,1034670,44.6929034063815,3.67974060836684,54.953428685576,1.60189242058404,3.51668462140522,0.0135393602887818,0.0300377231270348,0.00154634033845413,5.82757170194838,2.43479507068212,0.438495904707973,3.35781864777192,0.181528842671961,1.43399174691306,0.0562845912287517,0.0997927488644817,0.249465249942727,0.0724652606052045,0.0929500831641779,0.407475194742894,0.273776442763217,1.05955751711202,0.130567692769624,0.475361550309595,0.216906679557924,0.51977532583678,0.69865025295832,7.09118658225806,0.0589523214543006,1.47403061873935,0.927145253520799
2021-02-07,635165,637006.122257187,638817,826616,46.3172641414784,3.63083752527967,54.4199003585006,1.61461852401602,4.12829444908719,0.0105983757215774,0.0257887771215069,0.00131332120041378,5.7610804367875,2.32581295984704,0.400341891034768,3.28241352008069,0.147653730237112,1.40151705712645,0.038981734979562,0.0924684483885342,0.237758063583166,0.0702602788366216,0.0780441245656304,0.357712797256895,0.226716956141063,1.19480679694804,0.13754047778185,0.467180189950832,0.116727575189488,0.448341535759833,0.910682325398868,7.22141042850756,0.0246662404771097,1.29960218248106,0.988249549230503
2021-02-14,952835,954941.133314152,957228,624855,46.4394673357947,3.6503240353066,55.0264051336628,1.3151994287941,3.88555722150722,0.0137626950809423,0.0492686612500677,0.00166101103527116,5.83025841494242,2.68217635410497,0.373124041264575,3.45104648956061,0.134534412884043,1.34454039121549,0.0367405850767389,0.0927466152395654,0.271497611432188,0.0942875107971643,0.079214583591945,0.355961444408894,0.196549654852022,0.906191730294861,0.129227952817323,0.466369161646154,0.214447629753749,0.491973127419735,0.901075120799741,7.15699869581385,0.0343685964375254,1.36244548011045,1.03500133323173
2021-02-21,758282,760197.379655095,762009,603561,46.3228339736259,3.6983465865849,55.1102981827947,1.47197907145763,3.78439926756919,0.0200483339501603,0.0480626454196957,0.000831115703935,5.82473859925934,2.56968423327443,0.370883612032832,3.44131829031344,0.209435128881786,1.42499654956747,0.0210156578355148,0.1456357144566,0.313450380061743,0.089100585710408,0.0986021453873198,0.332954357589703,0.217116695599817,1.02249701564086,0.13021219502859,0.438911452264067,0.365653184089535,0.441063913474857,0.783353374996373,7.52469779901882,0.0387580659792299,1.45930639108594,0.911338393015946
2021-02-28,530050,531609.078430749,533146,624582,46.5629111370332,3.57724454495659,53.6599352673919,1.33952890964049,3.46105117819158,0.0186273588091711,0.108901418712882,0.00184944891999275,6.06959807431245,2.41877017353667,0.385345288680971,3.39969022235197,0.283864895213261,1.29248055583462,0.0205138095223086,0.269897004919832,0.275052329785524,0.097045138608159,0.0935982125893034,0.306769052958783,0.299152488188722,0.874403789040609,0.119738160606745,0.426181770143709,0.228038864311756,0.420361809453153,0.88961561114429,7.00594915074017,0.0438805601796225,1.31344942002137,0.909674480883986
2021-03-07,490858,492401.746619954,493905,457156,47.5358882541992,3.50007559144916,57.1700563266796,1.26319082711455,3.29681710883615,0.00827972643254465,0.0561089703363723,0.00036083845773903,6.08416721149983,2.15744366454758,0.363227112263594,3.27262563696365,0.105452678118058,1.49338636612883,0.0308294286455239,0.0803457661841853,0.316435335528673,0.0833065988585575,0.0656626348187378,0.284126957986443,0.261542360320526,1.05554353632297,0.125342190415438,0.481608457616568,0.190727607347241,0.450937743478348,0.785410394738591,6.99977281155239,0.040247265401367,1.2845825892097,0.987591887857281
2021-03-14,920042,922193.357945982,924401,331814,44.7349470112862,3.69899377272307,57.7472731742114,1.27542681636509,3.43366815835115,0.0166244755496767,0.0996372862118909,0.00124846513931815,5.86883402188664,2.90033530963767,0.397446019140692,3.41344384011641,0.158711057874297,1.40421944411576,0.0409242863166834,0.135011512079153,0.253169387276601,0.109108288773794,0.0833843538774107,0.332118598492509,0.208746718749577,0.977341041975603,0.111906398632227,0.451519321734954,0.145203290997621,0.42814899445864,0.697002919332818,6.90043919184046,0.0850037338186832,1.14586951693582,1.07745347318871
2021-03-21,1410705,1413786.91633224,1416687,381031,44.6807961555662,3.68165212374008,57.3016048438253,1.2671050488681,3.42099859540208,0.018329572961435,0.0489723511760838,0.00186727266229712,5.86055446811467,2.62341786274172,0.477521034112667,3.47402939959497,0.208964824162807,1.47408885385169,0.0776613127066991,0.1822583811595,0.270035171727997,0.0828366344121606,0.101827717206352,0.378800692738756,0.268694689115214,1.13543906220216,0.125621287761375,0.465816399079457,0.215059125435396,0.449302137596477,0.859538805385454,7.04400163831497,0.131518443353526,1.13318670190609,1.10119639690725
2021-03-28,532355,533969.982761076,535512,331170,46.0846749058772,3.64880978216393,57.1069257414587,1.24191550226705,3.29224701450777,0.0105551778700393,0.0247917626872633,0.00099591617359352,5.96084458245827,2.19083416123759,0.454658962839176,3.22596566464082,0.16419889111448,1.54715690892727,0.0304247289499606,0.123026244213698,0.241202021773866,0.0949964002166029,0.135334363794984,0.345937326535096,0.224517949867601,0.98842240406731,0.123643099117518,0.430695798605247,0.237693414773962,0.48781639618922,0.805437357383099,7.45015944831626,0.0459688510436943,1.15229871831594,1.11773412828911
2021-04-04,286968,288070.422841777,289155,299243,44.7281186586003,3.59895678639897,54.6473880045511,1.46089550150052,3.39639945163692,0.00812741286684514,0.0980031639415497,0.00060705898220307,6.1303256141197,2.02071919194915,0.456328238730133,3.32141289303758,0.129412514337117,1.45908537005829,0.0230001175805958,0.107339791265721,0.368427074692039,0.0906805473782291,0.0868665328632063,0.339933690298479,0.232029936250389,0.967720260577908,0.147239305136881,0.499271373417103,0.231032278942095,0.489185143155467,0.839928485124396,6.82486258973274,0.0767714905156455,1.40802722844266,1.01765530224195
2021-04-11,256004,257040.179081913,258063,335839,46.8231552840706,3.60782082375023,56.4032154823121,1.12484947176792,3.82296321572575,0.0163785127355443,0.0765859312369085,5.53066755157347e-05,6.04135650101982,2.13321276589944,0.354339996668659,3.27222573483185,0.190568551344334,1.49687040416061,0.0229773162546367,0.0797028941311475,0.368239104780208,0.0699723433694506,0.0732219261060853,0.298348845975755,0.212199645869904,0.888587629388666,0.106072913007177,0.447097672373178,0.174904901923487,0.428579682519251,0.745057896987568,6.90464981448014,0.083729280216371,1.3084392754385,0.970883112899466
2021-04-18,798242,800207.43422185,802203,310891,46.0339398275747,3.57170808942378,57.8126980540872,1.07047784965609,3.67115584948366,0.0155704487156638,0.0472351919438858,9.44822373393803e-05,5.97925789133314,2.39754857343866,0.303330343640327,3.43294905637365,0.274824844637472,1.63312094160508,0.0266111079477589,0.131496252367741,0.266506930360836,0.0764434493569448,0.0985326375813882,0.382022743744863,0.189004792008637,0.945588506674836,0.134992732372453,0.402933290528808,0.243026467660513,0.493170881843156,0.750901964675234,7.27177717457338,0.0683420469021621,1.19376169761664,0.943113728415937
2021-04-25,886193,888198.570595499,890245,281281,47.0653348611174,3.72094449403563,56.659914266582,1.37109172384676,3.41018697883304,0.0151864288244519,0.0813665763310697,0.00037352403423832,6.0609434742236,2.49639972803494,0.299295543790208,3.52560647541361,0.205976305673658,1.68951589772043,0.0294749354402809,0.216247959311958,0.309149903953714,0.0847125788772173,0.109151010638099,0.300845404322726,0.199933579589543,0.980668689974821,0.132618278239661,0.468436484311658,0.235714253361014,0.392188503296201,0.858340846149504,7.33991272956898,0.0576059108877052,1.43893832355017,1.01752576369124
2021-05-02,424277,425627.6115595,427005,269605,47.1192796986956,3.69616807608022,56.7812158107068,1.17143625707219,3.50953813574151,0.0172708458781069,0.0546543870652153,0.00056651038793896,5.9413412899444,2.15600870427475,0.445608966335031,3.38615426599924,0.194632707522455,1.46954136845759,0.0267933896545427,0.127247456108629,0.271617674415812,0.0720637248507746,0.0778497571060572,0.362748637320948,0.302567591611099,0.978650194254369,0.172098110680871,0.436168455179505,0.216851401651663,0.467522769808407,0.840859769779734,6.95030844288192,0.0557167967791092,1.42384469122,0.838256572117958
2021-05-09,326693,327846.071442664,329054,188510,45.2865730700478,3.52547856856493,55.6078148987935,1.37583379558191,3.54591695067597,0.00819875644936756,0.0372108254741329,0.0011623121389297,5.68355619107397,1.73337825671678,0.454857778270971,3.57666636541164,0.162326315701428,1.51695136845961,0.0375020755446295,0.100705718084794,0.273360751260771,0.0617624065133386,0.088912440117093,0.481479857764045,0.241868204830632,0.966448849377658,0.154865807960945,0.449900287018038,0.211998991488979,0.389154083644612,0.769908685560809,6.89746562994968,0.0237204992912816,1.41525884817027,0.95066874703997
2021-05-16,180058,180959.222444434,181796,148288,46.19887052586,3.53154855072531,56.0549820056489,1.32909569294475,3.76467823079674,0.00631177661684753,0.057485657877457,0.0009759907170429,5.63478336020978,2.48952760092262,0.384105138850925,3.36468133189733,0.14015263361394,1.48832800317597,0.0301291501201288,0.13207361585658,0.298966844751985,0.0606073452128364,0.0856667482152697,0.32719661860586,0.18526038096968,0.887047494819469,0.170356469487463,0.477497166795599,0.255947636274012,0.36053710981859,0.784628370606791,7.08268276101409,0.0360243134158424,1.38508559969275,0.866601174532172
2021-05-23,315561,316759.587367469,317889,110397,46.2494996362677,3.78976059227691,54.6845604507195,1.42490018590786,3.72516112135675,0.0305552961809647,0.049161092084513,0.00107218641503951,5.80632271277159,2.1782108502388,0.368050441069242,3.62752394102868,0.198383482959104,1.62028071262607,0.0192549813213134,0.186066688046335,0.351074926228648,0.0926535181116708,0.0718048357664398,0.262981269529118,0.258136026064223,0.951760745132106,0.190241224648041,0.432561867201007,0.230812000634262,0.391244743617127,0.800031252778842,7.05917176256389,0.0483308634233737,1.35706150354834,0.78443140119758
2021-05-30,352555,353786.976660693,354972,81704,46.2730176322478,3.59697891867065,55.6368203802709,1.27131602022085,3.5329297401076,0.0130588956152731,0.0477376990386666,0.00128362615625404,5.96846234025804,2.43173287353705,0.400705136221922,3.50385744343901,0.220828305179931,1.66613778851769,0.0262923980852011,0.113438671988946,0.305124699596267,0.103129957970852,0.0955349124943012,0.341553394530542,0.242956456394299,0.905282407605268,0.190792638130107,0.4364437807335,0.21657130412669,0.373050178045939,0.807962888739973,7.09467691532047,0.0367259557879258,1.43871740645945,0.900034052180404
2021-06-06,581592,583215.686827298,584805,72219,47.2864560616109,3.4918225891634,54.3923339785156,1.4955775234637,3.64646575796764,0.0159478092326822,0.0891872915942083,0.00164598374829601,6.00651414589397,2.0968889876445,0.395742556797937,3.47148074199944,0.175750336633564,1.57062604155905,0.0297131924126936,0.146737576754734,0.292239262553172,0.0724602283164723,0.101703516799312,0.403407813154942,0.284628514064282,0.925853429826068,0.127182922955411,0.455164421661761,0.2367264455889,0.383066766032749,0.823910084228784,7.13972632143237,0.033814071951855,1.34197157426752,0.878889186756172
2021-06-13,254101,255178.009427652,256288,65044,46.8920821119709,3.73215058631647,54.5318261511549,1.46890914627275,3.65655035394991,0.0143327408940674,0.0689031029517676,0.00096144542330117,5.97159286698971,1.70016071278084,0.433981200394235,3.47259970147939,0.147576247470524,1.54463480998024,0.0452964568546767,0.0892273531475167,0.286848376103672,0.0609583694926776,0.11539223605729,0.294759678493677,0.268036847377761,1.06722838746845,0.141426089110816,0.403379514429548,0.326548722848967,0.371593521389725,0.79167762810369,7.08225431674622,0.0511353614390136,1.32082886534551,0.895654823088963
2021-06-20,201835,202747.428822823,203648,61740,46.8123261939025,3.62424751457191,54.2250762730116,1.55048159339864,3.7155493752612,0.0158884553797198,0.0632233410633033,0.00231355101392303,5.95252577576552,1.94722622483846,0.354119840846642,3.45401343098728,0.139671390045194,1.56705024816346,0.0249403961274513,0.134054192250164,0.287641008801271,0.0717220971222328,0.124171659835993,0.354781350996541,0.284703068589225,1.0256928891805,0.185367753265536,0.443282834729433,0.265920100771437,0.421361322745458,0.769926460194739,6.90892954621147,0.0814839132356769,1.56975237893251,0.847184171128735
2021-06-27,336968,338136.774711348,339311,63098,46.5882483061565,3.69877458432241,56.9727375753336,1.29598724387356,3.74466300918104,0.0116294534046635,0.0507541519842599,0.00288898971011755,6.0350530292269,1.96678274363635,0.366205513660188,3.51309527310334,0.1482564255551,1.61915181977786,0.018839452401846,0.107559049227704,0.287981098043548,0.0718837389962487,0.0814042269238382,0.293032118096145,0.218286603142277,0.913723925055627,0.11675737102917,0.446265795697555,0.250622025971195,0.366076923653602,0.780041263475482,7.3913610007655,0.0381136782546333,1.32669660654889,0.848194900212697
2021-07-04,299153,300274.477923353,301415,71456,47.6593159736718,3.57329327888458,55.4846608233395,1.48919041678992,3.43304667583831,0.0172916420437694,0.0514145100940197,0.00160730196231246,6.02630257747548,2.10202601495636,0.353875739319643,3.40133995230433,0.183237537094341,1.51912806990462,0.0332000608963331,0.131501122448594,0.295353260988454,0.0556652692755111,0.0723091998485823,0.310974052151565,0.267421242319966,1.08578224046334,0.168777162954616,0.433706757019801,0.214388571070915,0.424377445199869,0.711054361934172,7.43463837475714,0.0488838988555443,1.14512843842738,0.811690734018847
2021-07-11,282369,283478.908953289,284615,137529,47.5100372348424,3.50128430812297,53.2290760194541,1.65611765438333,3.74238331441885,0.0100541833627714,0.0583659866843119,0.00073770079067126,5.83470922441188,2.65534214987224,0.374672970496147,3.57806128175381,0.271676261571122,1.43894625126355,0.0385643226268738,0.192534054452264,0.227541606713378,0.0586687191734033,0.108001783193682,0.486477487998219,0.211284817298856,0.823449117402675,0.132851536322361,0.439233172480773,0.220364681873064,0.386810183562798,0.682395117928513,7.38159327593921,0.0588313162667941,1.37699048419783,0.803796005246893
2021-07-18,213036,214005.808212907,215018,230181,46.470211507737,3.58885164615561,54.6412259569603,1.91230208956949,3.71770859304219,0.0148022200360117,0.041725217809862,0.00064432459846471,5.90907160856825,2.32460755752089,0.363717230323939,3.49107767371631,0.230957248810296,1.6018149283004,0.0301352366016416,0.249470740164491,0.243739837863997,0.0772019906435934,0.147765303826258,0.317609196904222,0.246556091200232,0.852477103333226,0.119718994946262,0.470618818864121,0.260433929991346,0.39220665018931,0.746322965697505,7.09202389645859,0.0942591063403825,1.46754414755649,0.743526585262027
2021-07-25,520081,521629.057886897,523168,421036,46.6135265383626,3.72555665321667,54.5286902150577,1.29442085098735,3.46711269011807,0.0132575970207129,0.0525886066245484,0.00046745677286054,6.14444413276245,2.32939099056673,0.327479916703328,3.64958455307493,0.143938364341905,1.51395389294836,0.030163836446578,0.176454640426795,0.227556689166789,0.0851887098286472,0.106182520628582,0.372798215689829,0.260030663275991,0.850278967507074,0.103106468839324,0.419311997268318,0.245414705034255,0.396620562682938,0.848230890324453,7.13237144548675,0.0642657412738993,1.39373735473764,0.884264826354577
2021-08-01,500778,502279.306435251,503764,607306,45.1125165156903,3.67918313975474,54.3858728298321,1.53747143064575,3.65607575218143,0.011077865023376,0.100188527556728,0.00173520924530191,6.05486497652149,2.21355855015879,0.301967981410919,3.45035045908713,0.144845736465545,1.52773261099456,0.0343122026424288,0.0708370180578085,0.254044256408671,0.096718002750948,0.110886002834223,0.421107453869526,0.222474759649766,0.947552548563146,0.105561838783563,0.457622998270316,0.202650283300191,0.385545990333182,0.791245177258196,7.05958232452376,0.0492875089275646,1.32017793690994,0.930800937106738
2021-08-08,435483,436888.271648497,438229,832377,46.033305179811,3.60198193701389,53.3368994665814,1.76192438314855,3.68538403675115,0.0166147740243967,0.108671685495688,0.00206749066422547,5.88919176359015,2.68680330310823,0.422382888861409,3.33270001029977,0.207958705708556,1.45852822673836,0.0251516944571901,0.164003323862751,0.257043461458472,0.0759896669358547,0.147402527462715,0.366452791562607,0.231697742205878,1.0967390973043,0.121444571598501,0.505149623523107,0.264546741298839,0.422064144597866,0.783203915910186,7.17159116992192,0.0789323504564798,1.4632584953753,0.873034145020926
2021-08-15,947201,949395.722942269,951666,1060899,46.017049908103,3.68055124326108,54.5628274597959,1.20243498041166,3.56783259321579,0.0168308038288484,0.0447718093411952,0.00166311112186928,5.93828915287316,2.60829471000489,0.342314707392055,3.58277482118945,0.130618520072978,1.56723604416204,0.0242772637115234,0.124006130258356,0.246244643495645,0.0522864539977731,0.138952309589504,0.34713947534629,0.256114732259594,0.936913426216949,0.121263418143576,0.499760352113833,0.18906942497521,0.472176022094382,0.909565587657725,7.10450966818695,0.0531949368055008,1.36747923580024,0.87483634912581
2021-08-22,626917,628563.1495647,630164,1201655,46.1716079698484,3.69393659484927,56.1126553607267,1.16688531749673,3.48993555158854,0.0162441507440027,0.0707917949301451,0.00215524714399908,5.83451839432725,2.52788642504744,0.380751930758615,3.58877717173838,0.160842394043209,1.54817032486671,0.0220112138118353,0.123359182411285,0.274192652447141,0.0924517152212301,0.0929880999319867,0.32863803792027,0.258035392415971,0.829051919178296,0.144383926276743,0.404739114543159,0.216285332185912,0.377547372317679,0.838496748471871,7.1357278433163,0.0296430259371429,1.11169787871872,0.854623096479077
2021-08-29,581101,582898.884202782,584566,1284969,44.8388588475557,3.7559726766948,55.8439408434484,1.53964964323776,3.57624721812738,0.00892163021610798,0.086767868351898,0.00468816859955367,5.79185962460937,2.58358014563608,0.332314821942617,3.50397562630878,0.194446148172704,1.65716723679166,0.0199520268336273,0.0967164108793803,0.2957181144073,0.0826414638319732,0.080793764426704,0.333578722273425,0.223944669825713,0.99305206790455,0.134989712292823,0.382579451491206,0.220700063842023,0.406971623756722,0.959660284715655,7.15086730806991,0.0383282842968291,1.21239822920981,0.859883557791934
2021-09-05,371052,372272.753310299,373537,1139145,46.1106709104192,3.6857763045113,55.8578149678882,1.21590340286575,4.26046347395188,0.00804207744181543,0.0716355603705158,0.00478603489204898,5.89778223532864,2.75381701918105,0.380448290789384,3.26182334815622,0.189634130871589,1.6034973587095,0.0320602149399398,0.114024249003034,0.31647660150338,0.0580445327744473,0.111742633733024,0.287641201543393,0.238885417377504,0.960284319973492,0.123725289287317,0.378666285907087,0.230014288006589,0.374806487850295,0.830710962467017,7.16692755372606,0.0844466573621053,1.2459527575665,0.886845502226113
2021-09-12,289684,290816.268025867,291876,1097509,47.9336866493933,3.76752650353742,56.5339699937279,1.11570237361155,3.88296172446062,0.0104957191607572,0.0542553254286546,0.00147009900243261,6.03852533025556,2.03817854927672,0.451936248028863,3.38675414372598,0.142127193626446,1.58635748318796,0.022530873630536,0.182266408704368,0.339120783081053,0.0894390318581051,0.0801881235280925,0.223509067981441,0.28269511181298,1.04692581655064,0.141814555415289,0.381115729244858,0.249769497023983,0.383414473564557,0.849992376935652,6.97449536558379,0.0630109827055486,1.28633501926766,0.772986573337449
2021-09-19,593326,595034.000097515,596749,898065,48.6462346160006,3.69839492812394,55.1049690202515,1.0249275487666,4.03083898055477,0.0211126878157076,0.0726391085494516,0.00146977203076027,6.14671778165317,2.46108589431695,0.374604125610574,3.35227418419846,0.253798132734129,1.56500069515638,0.025375737652134,0.343649306795379,0.393939627756443,0.0785429034826409,0.115113794576022,0.275133474823922,0.305209922435455,0.965423223995322,0.10857967820072,0.425681547321083,0.312578332043363,0.388432621177984,0.796409497413131,7.26820069932567,0.139202100586108,1.0145227835329,0.793971397732736
2021-09-26,335220,336465.645109296,337648,669207,48.7640849851789,3.71428380772835,55.7756223454896,1.16489450903383,3.65376586385098,0.0182250772527466,0.0558555007867401,0.00202013177160673,5.92773135278544,2.92260932349689,0.31322509103383,3.37257867002819,0.146992824500962,1.58036859632409,0.0501864030148428,0.251826392478105,0.208559618354928,0.0924688449076499,0.0862684722188658,0.187763528106207,0.244211777374882,0.825310183430484,0.0827512130084502,0.37605603329552,0.250418947400755,0.396591594387206,0.930091121819423,7.32056394377651,0.0702152145197147,1.0708052671886,0.826414874865237
2021-10-03,391906,393248.529641323,394642,579873,47.3440799769654,3.68716080760797,55.3142695934072,1.43127082947914,3.83516485340419,0.0194222696614704,0.0465669029622525,0.00016229155678175,5.95830988672083,2.16830947175411,0.287511897922963,3.42518819822878,0.142782521582715,1.52633931575681,0.0364961223008276,0.191301569360023,0.258079510944099,0.131392524691724,0.0609264116594107,0.214848763032067,0.33939058739398,0.997452574531133,0.147238503722346,0.396307563055558,0.272388487798397,0.359048917037287,0.809675260672278,7.23446979709082,0.0473228484102575,1.16339806934698,0.795121906374794
2021-10-10,374017,375321.750792851,376535,428813,48.0829841376213,3.61025419045972,53.6180456299244,1.14079171512369,3.90417318336791,0.0122909598036961,0.0659416282381973,0.00048881828180374,5.73908976091553,3.31044196760998,0.288534990039878,3.4022648979736,0.121451449645638,1.51748148903938,0.0566541596861688,0.249045064346605,0.278951907151203,0.0667764264486268,0.101573464372612,0.21728351176799,0.222953319068524,0.83608105269794,0.156626855490246,0.462459054801029,0.275651519202028,0.409144338882376,0.816864240715139,7.61356244086956,0.0427143373817556,1.22435200802787,0.844758009269741
2021-10-17,638207,640085.518953847,641822,295484,47.4596313370214,3.56195490503645,51.7760965886248,1.23343163554584,3.47372853544201,0.013111106279948,0.04084028723361,0.00109468763022272,5.89661531897275,3.19620187427312,0.343390714805865,3.81927807942007,0.13011052538892,1.48333063738163,0.0415101909425316,0.144367687062335,0.29073370399703,0.0740469213575002,0.126422479280943,0.407593329427291,0.279959591842792,0.908990727898585,0.153615941446147,0.403838008485807,0.205710319452923,0.378342359293098,0.822543093972715,7.54648193545909,0.0807461522486603,1.42148786095455,0.903178117343535
2021-10-24,153304,154136.387884582,154947,242536,46.7743478607723,3.359299618535,52.1996662797325,1.31330990722183,3.75212209402382,0.00893545261177952,0.0354220791341412,0.00127840840833419,5.93922971575108,2.48127984307521,0.395614186890712,3.51356320690309,0.189234610069528,1.96129959949158,0.0211120804184485,0.0979304511089376,0.353995908657027,0.135033834519263,0.110698900030889,0.426981074676699,0.18845736103309,1.0009723657704,0.183022266459348,0.43441832120026,0.34931785834855,0.370645344752487,0.810483712767901,7.01266992807152,0.0503992033238446,1.65027671365238,0.855143854022988
2021-10-31,229102,230163.059880128,231155,222404,45.7125033456515,3.45415411458116,52.3676355898562,1.682350675131,3.81972608071252,0.012453137188864,0.0820392000268416,0.00040233411234102,5.71201617504791,2.36066731324258,0.365024842181777,3.49497796160055,0.260379433586393,1.68432501462441,0.0150704973704822,0.138337181367802,0.288979070689379,0.150027581149003,0.167218627329855,0.408239736491033,0.244420816464762,1.0321880248802,0.17403298525217,0.381511313053331,0.202329639945588,0.424871340927843,0.910263984972624,6.9814047965356,0.079767077302166,1.65028097333917,0.841056994908167
2021-11-07,457573,458966.458889864,460399,176932,47.3617637351804,3.62787893525361,55.4749784686086,1.34209302835157,3.92304382816,0.00816302570239546,0.0830912262226291,0.0008928327029881,5.9452394586516,2.17396560272438,0.391069155003345,3.39384485315326,0.23963836217305,1.59634862321435,0.0196257090044324,0.127917461506704,0.261514876001966,0.13320956409194,0.120027000996013,0.261978231834999,0.1974453421833,1.03755950242578,0.134757250630788,0.426137312869522,0.185545372155839,0.524005350630843,0.72870377839247,6.98133152276459,0.0223522973779902,1.33592029526699,0.846334213780632
2021-11-14,502429,503861.476574891,505434,233044,48.5392448418711,3.79124825736627,55.165203784888,1.22060075488708,3.69700581009497,0.0130657599481725,0.0304515063411094,0.00058851358088399,6.1589850102832,2.18865647519457,0.433742299070611,3.27119700645037,0.168892063220435,1.51946887298818,0.0176119185394769,0.153926108885766,0.417474264714605,0.0901804827480443,0.106963302235986,0.313172597671427,0.211176116510026,0.97530490386556,0.160512761200106,0.437031450805036,0.237999984120821,0.423525948752887,0.818154863341367,7.13088113727935,0.0321432035820645,1.1147586781744,0.892627586413018
2021-11-21,536840,538492.020655438,540114,202251,47.62425548969,3.41110087587606,52.4211183504661,1.11210052472741,3.37240440399444,0.00612329020873601,0.0622155911695982,0.00451062623466858,6.02382740547686,2.67799874805671,0.354304383171122,3.57441156247287,0.162955205263329,1.48406175275688,0.0467808130558767,0.139683225157301,0.234076193100831,0.105599173117278,0.196798854227556,0.411165556670673,0.180329271936428,0.975561807426038,0.0972292921325504,0.396911109756382,0.249549580209532,0.450366776784743,0.833431587372581,7.26395638076421,0.0466803801413107,1.2936030652481,0.882568563145724
2021-11-28,320844,322101.547723452,323393,225302,47.3167071688021,3.45839035532852,50.8987440455658,1.50154703600008,3.57899343082253,0.00824554102530871,0.0596618333235763,0.00256980533639526,5.66863076843849,2.68395337481641,0.342121756806729,3.39705689570708,0.197560913518936,1.42546544404777,0.0926657052663001,0.0964245181110332,0.223473269996332,0.0802773273453141,0.15777253073883,0.442293128154021,0.186909080161436,0.937451774409237,0.129453102022913,0.436016383785875,0.166741035990601,0.518561195563895,0.7477730812965,7.01973616024124,0.0320865957909153,1.17834461929649,1.00789077061119
2021-12-05,589701,591480.655935478,593257,298081,47.5165047784525,3.3039821163123,52.515075202945,1.5443922583925,3.99273776149705,0.00938909948044592,0.0591626082170555,0.00094569271991733,5.76549510682035,3.02532617863547,0.377417507994256,3.38655602923017,0.270364395258755,1.44782470423137,0.0317155391581231,0.11078110011328,0.313838753983169,0.0899747266588937,0.22535315282508,0.37896722721671,0.182007686551759,1.06466474791732,0.14817871878614,0.420601866014282,0.252480522193929,0.401493397055033,0.610252710193976,6.72971776691877,0.0911904243245864,1.25151428940898,0.98631338725918
2021-12-12,1195342,1197719.34934472,1200200,372820,48.4239947328519,3.54785056657505,54.8923391737365,1.42769824620282,4.16042454242035,0.0133229723816143,0.0412259429049308,0.00078118199595597,5.77927140188475,2.94500818564814,0.412703079439163,3.51122721215996,0.307274631557798,1.39112497698504,0.0123961245845943,0.343854767758257,0.250951778239347,0.100929882853793,0.0845267472893409,0.262038479024037,0.222615856473436,0.932349793478755,0.0987432116507848,0.423564589784207,0.239647312529092,0.480396438158854,0.763917795223057,7.2448217675392,0.0286376146753155,1.10594135231215,0.787281105627455
2021-12-19,1349575,1352222.96755895,1354796,1083509,47.5589140210397,3.57859763048707,54.6148165193181,1.09808111273929,4.18617943522031,0.0122629762693421,0.0347675139312298,0.00226351074299698,5.78312958011825,2.96745021525419,0.283239594941381,3.57195303826782,0.299922470521232,1.60090346415629,0.0232376104575805,0.292598872137626,0.228762319382827,0.0746677033223202,0.113702098867021,0.356401237743433,0.257275481301145,0.855922030780976,0.103812561880442,0.410050635893735,0.20648584504043,0.445889624027744,0.962208801504703,7.24367249858226,0.0604332891433019,1.31042108931488,0.915854243436506
2021-12-26,1142727,1145432.25209068,1148086,2821833,46.5146489646204,3.522549824392,55.4670866750274,1.19189488998246,4.38640283207131,0.00799851735183083,0.0390329426106318,0.00153646565180836,5.5697769390092,3.2037151658714,0.253322595735729,3.73605821674094,0.462766451909792,1.49156850403398,0.0630508305807261,0.201879222728238,0.203199318287492,0.0521912064205758,0.103090859740092,0.327121122900047,0.230650683721362,0.810074609850154,0.14664689639022,0.419305502608679,0.185134309182081,0.443777115549778,0.757500318090054,7.30132898308101,0.0658816135302979,1.5796511804825,1.00425413342339
2022-01-02,2145327,2148599.08665509,2151819,3377451,46.9332668708729,3.64027554899837,54.6777979207524,1.17971358952096,3.79912546285037,0.0125153507398657,0.0665104861774186,0.00156149690069026,5.74471681824888,3.02730155629471,0.33073189814098,3.67093372298686,0.310810304703412,1.43110920297259,0.0332184575473957,0.180061564837395,0.290398353085599,0.0886431729212683,0.137039318263373,0.295171930263374,0.260480357364729,0.924329355736195,0.108236163587006,0.446345053645377,0.24652512510858,0.492581771788848,0.850986926218824,7.32582619768383,0.0444307445900156,1.42751620521034,0.935314519897082
2022-01-09,2468146,2471825.16418011,2475430,4121684,48.1527129760327,3.6835898366798,55.7684551691712,1.11837915016807,3.84940618882459,0.00960554580074868,0.0548290948083437,0.00125268221616218,5.76445152059042,2.84862177130362,0.376457242060668,3.79818550535049,0.226838899989574,1.48831906288306,0.0177058130819963,0.164680171883303,0.337411749751648,0.0962030251502515,0.135982195651776,0.305426157384169,0.173667982531303,0.911934562092017,0.114456778566943,0.439670829258165,0.206432760927073,0.48865209010217,0.88012424170027,7.24614433190376,0.0442984316267507,1.18777856758289,0.897285626445608
2022-01-16,2216676,2220247.25559814,2223957,2829057,46.5961144590361,3.7699949854299,57.8817593564235,1.07365144847178,3.83290073211272,0.0120155937407869,0.0243627899778896,0.00013605553515279,5.84938518047174,2.26104897053608,0.505510829975082,3.54238790821743,0.160902945884302,1.54013464453318,0.0573579050240519,0.1614474968008,0.272345492509884,0.118856740251203,0.185176149953448,0.257753113635322,0.219690870506554,0.933799748977442,0.141641188614833,0.44702197369008,0.179660557090715,0.527755385491707,0.879697214667341,7.36564193829469,0.0294569483682948,1.24482090578338,0.973160991172621
2022-01-23,1189987,1192254.93876168,1194565,2710407,46.517861493279,3.86535132764944,56.3874882362724,1.2541075242357,4.11299193837769,0.0178045626806799,0.0733415564984944,0.00114708599454894,6.09054745718698,2.39979800579552,0.413647578374876,3.50422126188309,0.17436585275586,1.48659836089295,0.0255610911540218,0.13486119736483,0.267663459323307,0.110670558613637,0.106647914138518,0.264541702042421,0.271265845997524,0.910971367614425,0.107850679844657,0.473387417874275,0.23495759931161,0.439993309000025,0.713751838723543,7.24468838051195,0.0643459889630717,1.27717552188056,0.924054471932686
2022-01-30,1057287,1059601.80637495,1061979,1892373,47.3786722069691,3.4685689109845,54.9842160260118,1.64025656879758,4.33006503330862,0.00997239235924401,0.0676493689942546,0.00152423091617671,6.11920501317597,2.04135379529692,0.37802011574379,3.46439485417831,0.170727903515165,1.56097605087526,0.0313258820924978,0.120098847396295,0.299226311224488,0.0891474086216615,0.0619927740024177,0.29258686558429,0.238507799462784,1.05786327019418,0.117961765240034,0.442827192315493,0.210427198109166,0.475050222232801,0.71266891106486,7.17230903247246,0.0520135094312026,1.01730547385007,0.973840806531208
2022-02-06,353640,354944.889095315,356159,914816,47.6577140889826,3.71341615740374,54.2089015026052,1.44331182689525,3.88669172002527,0.0130055671737352,0.057351052243562,0.00138954963654015,6.01181709548027,1.95423550367323,0.434164375951159,3.26872551366465,0.174225003129299,1.53497113389331,0.0126838525044961,0.11653002159271,0.274230937331833,0.0909343485749009,0.0913650128260083,0.38200376937794,0.272824770532793,0.999472099461985,0.0838987672248805,0.479564066255255,0.259591122898886,0.341620878955001,0.783158692111762,6.90630119430167,0.0342193995966857,1.35155898900057,1.004144941918
2022-02-13,123363,124046.690938599,124756,537600,48.4080478755385,3.76053944835788,55.2855159995479,1.18422775578703,3.62743950764113,0.00762942806615296,0.0440746167808636,0.0007236731081977,5.99328169227784,2.44440883686032,0.395522244398158,3.49787087123277,0.175604109875024,1.53951938240937,0.0256155164079709,0.131483125189729,0.221246981541234,0.0923234870792455,0.0587909311017071,0.236757601421367,0.201585820558358,0.965466817931347,0.151688025236941,0.418078358460402,0.263093721777291,0.307994575443036,0.753263480818315,7.34571400686745,0.022320090267715,1.34466633276691,0.771035926309839
2022-02-20,281434,282509.069457328,283532,323484,48.3294424689048,3.6102993952691,53.772935441135,1.31373008484629,4.22887810721547,0.0105399457228158,0.0550648702984213,0.00092389302291314,5.75386307506367,2.9277002501275,0.386532394289056,3.53591101673684,0.274829611497293,1.45690883220181,0.024881985411499,0.111203742349319,0.238528244722151,0.0902155340787506,0.0816656730836455,0.259302484667556,0.253294121025402,0.790441854788761,0.128417650194778,0.453251061261311,0.227446426502347,0.352535861761632,0.769612357021717,7.28504650647914,0.0467388832103224,1.43084509539808,0.851877103550746
2022-02-27,66743,67304.8790960576,67830,209251,49.6627211604056,3.45127086330267,51.8908577762828,1.49268223548245,3.67952447482043,0.0145831834815447,0.0625382030405614,0.00089313087655375,5.70997663660837,2.95813825117876,0.302988808438518,3.42668386022745,0.204454186182482,1.48595727902062,0.00817390835345355,0.302568795677238,0.290735778243829,0.123723325601459,0.108280714183609,0.277197793092855,0.22939114597622,0.887373905925854,0.116954297716427,0.365386445803795,0.194589075571233,0.3545782450673,0.729880501053659,7.13293379429238,0.125388252766412,1.23513887392479,0.841119028781902
2022-03-06,788756,790753.459865233,792707,137081,49.1099827650128,3.77168801056225,54.9972173339286,1.20872144032921,3.72427762188512,0.0146980264221323,0.0674917233520884,0.00089425919662381,6.15888209622023,2.80319186962423,0.261270758071346,3.43951372416121,0.12695365872343,1.67870653833891,0.0150089358001048,0.150977424094867,0.246011928784288,0.0814474457186117,0.123628914858817,0.28713069399404,0.234711399497844,0.911891634717155,0.075203013150548,0.382758561486538,0.177571903219664,0.39351710169113,0.816661085766697,7.26351159954214,0.0355087844722715,1.27402928720919,0.897756036348824
2022-03-13,875295,877569.675434716,879779,104069,47.8625649537962,3.58757662079575,56.5989113033182,1.52722869715889,3.74878965114086,0.0177267738374266,0.05817224016784,0.00312771628862869,5.6885549400368,2.68663750961671,0.356832189926758,3.613116429692,0.209659005918619,1.59323773161596,0.0186678977459605,0.142657565486734,0.270954774714052,0.070973347096084,0.102158403407978,0.338255574787893,0.229125606234,0.93752154036098,0.106383317913836,0.417493425671201,0.205153320826676,0.42759702356959,0.866857704532255,6.69830987915451,0.0632730824757945,1.39837983670453,0.853043426349259
2022-03-20,124399,125161.507193965,125861,96320,48.5430942037707,3.68487916060061,54.2098312054233,1.65116072612122,4.01289554378105,0.00865402216696059,0.0786230037115987,0.00119314373754593,5.81326314944928,2.31137646144203,0.453347365184322,3.2518037281345,0.151244350508437,1.4460214966466,0.0179495279184672,0.144427004319349,0.252994098693173,0.0635235688352896,0.0573783780173334,0.231646834201648,0.215747223757777,0.933390020345844,0.0726226304932652,0.510767009137775,0.157985751690985,0.366277198606756,0.928906358371587,7.56687162147026,0.0414403275148694,1.32412359235087,0.807692070990656
2022-03-27,631207,632935.163855598,634622,357574,47.4031926150618,3.72392978177528,54.349360464215,1.28065811436981,3.77137661324186,0.00895673024689837,0.0696344630863135,0.00029651687232147,5.76596752506591,3.15150800036358,0.325709443675101,3.55110042120635,0.217889996348875,1.52096723329435,0.0174884744186477,0.180589145442322,0.359555724585986,0.0592272145992055,0.0917419052308416,0.290499519359843,0.231562636010547,1.01254224810868,0.139142145675789,0.443526815182114,0.218678658098488,0.382367602784897,0.932392520097255,7.27213921419092,0.0736190251573238,1.2810027565043,0.775463394914912
2022-04-03,564183,565886.496263645,567596,316729,49.1640459072958,3.49661790309267,52.3791812668394,1.06838464856662,4.16185046300786,0.00590120271945125,0.0272819760061425,0.00070727317716277,5.92374900610534,3.25752881788529,0.292342014882616,3.36734362692503,0.266665388293032,1.33724817563316,0.0284332894949538,0.194118103490593,0.316877310586139,0.0730323852122659,0.113517665013491,0.268513964424187,0.203328336130555,0.94534086957961,0.106024797122291,0.431906666049071,0.202162635419002,0.302534956815958,0.934507779317207,7.26099058599666,0.0498147493957155,0.919568231475173,0.803437082757063
2022-04-10,236820,237836.83402581,238804,101374,47.9260007372212,3.70044984313233,53.9224826762013,1.33360221313322,4.12931808199866,0.00791394503937415,0.0541354552456572,0.00170671115385066,5.68785372066943,2.46349052006516,0.417032716289622,3.4771165959337,0.179910282146047,1.49011814465843,0.0265589856379289,0.116929704481063,0.212718955964223,0.0786992147857527,0.09465310684469,0.241902753908117,0.255339468901986,1.02089352533376,0.117194327833521,0.447013522836586,0.170164864723102,0.340266021499557,0.767071469492264,7.59045627171041,0.0142626017019284,1.32639314010482,0.825243365659478
2022-04-17,751290,753322.342704771,755278,90356,46.6601853349142,3.58275746531624,55.0193212435834,1.31265018160658,4.25680402479437,0.0051314845700758,0.0895918523551042,0.00212194680014941,5.60510058396347,3.18396045047726,0.374062453242408,3.53531069739205,0.279634558836632,1.4757617736142,0.014733454063597,0.168417324590088,0.195507584220761,0.099467228488308,0.096432949014203,0.206735324725515,0.224508502034886,0.976133932921998,0.146016959429015,0.44911830149494,0.264544568698932,0.441462959324069,0.760835682559849,7.45914683538211,0.0198216808129093,1.19490507380984,0.778522639101503
2022-04-24,416327,417689.305541112,419001,136801,46.0801178617593,3.38546066563726,55.2690579363822,1.75389091849737,4.00491818763892,0.0102503625892812,0.0834048363363487,0.00182739653985984,5.80174632424677,2.33456781911189,0.394471568358478,3.55414460223971,0.243176044040537,1.62823367145493,0.0499227262825854,0.0931201727788813,0.287404355534599,0.0912886439397285,0.128957761770208,0.398278244185912,0.217013312360084,1.08734049006583,0.142305354253959,0.43386711195125,0.259620508644327,0.466988952860875,0.753232099931771,7.42152016661789,0.131200536990252,1.44770084043166,0.860640632391948
2022-05-01,74208,74739.3204475878,75285,202930,47.3451358462262,3.64570894416265,56.2623951850225,1.38197417532053,3.74540286183609,0.00784533103378157,0.0372105913720366,0.00712430192976073,5.85330764948678,1.99764492577084,0.407002611356184,3.40477613681927,0.0873400342663641,1.63492812663421,0.0439130802817565,0.1076031052291,0.326523202237414,0.0589263886442298,0.0971499512285545,0.218198532913569,0.217272732191244,0.980541360937911,0.0896481433162274,0.458443164240324,0.221198004188859,0.348854551694793,0.774404070275766,7.04406387865595,0.0954039600110833,1.47372643481935,0.814633370722329
2022-05-08,858280,860425.25906592,862360,269969,47.6417362345386,3.85662577766108,57.1204554557268,0.982158446424885,4.02082969406972,0.0118458390275879,0.016711652359847,0.00718683499363413,6.01108653756573,2.38015603382728,0.273858698868071,3.66876334109455,0.232538686088601,1.47817158351298,0.0207398895165617,0.152879915970475,0.31166110992883,0.0729447525280017,0.105927187025119,0.261880888422124,0.257568916836084,0.782577904769027,0.0898422225683427,0.38345654911089,0.224720327005186,0.422287857827626,0.742531114901619,7.18837993470192,0.0657202533001505,1.22860829234036,0.878344878139087
2022-05-15,448887,450425.611042716,451980,342825,48.2782937081141,3.66304731698005,54.2655527755611,1.61677512720884,4.22546190615172,0.0106995582987059,0.052257747293945,0.014733224131085,5.88360055276824,2.28030806063691,0.356401539663792,3.67041888668763,0.160265501198311,1.44580390782629,0.0698031543612005,0.181307300942765,0.316551514193976,0.0754577652426281,0.105690179373908,0.331358957603091,0.220990332604247,0.963185102582579,0.108592696630271,0.41288509527962,0.174199691427221,0.382620443298565,0.677710308623665,7.3054916222154,0.082795769632672,1.07041733770476,0.870279708123354
2022-05-22,910722,912966.143531769,915125,441483,47.5828976559015,3.79516989450059,54.9983549770579,1.18312178804405,4.13614064749577,0.0097702596576974,0.0244212731387853,0.00243469394480413,5.61966010230539,2.50336724203979,0.425449012940859,3.77463009333921,0.0883620531857593,1.51017529090843,0.0508024001649051,0.169556469766266,0.259232835224622,0.0914018525292046,0.11212635503564,0.283182394545832,0.245455371930567,0.982426862891888,0.130067073711942,0.415357760605459,0.15907060642259,0.428513692170532,0.822439274964338,7.10843435037451,0.0376638380556145,1.25813069521014,0.871667718669592
2022-05-29,305963,307079.689600455,308215,494788,48.7826051647504,3.62821575935265,52.9580419743934,1.12288103332585,4.18738779341339,0.00796617509813379,0.0647805207864511,0.00035644311134912,5.98890455953715,2.4745726317489,0.418624502556081,3.67720039107887,0.142983862522997,1.49007958246986,0.0310075103373861,0.0969434714179265,0.277738239311516,0.111199154960463,0.082166385589758,0.24576810412351,0.275371395380045,0.869466858670867,0.101213958207325,0.406961980891248,0.1430058306694,0.415773845507722,0.717242845747956,7.2795326133218,0.0584715550482245,1.34090998612527,0.83616865523985
2022-06-05,799613,801682.257565686,803789,538797,48.3454569383506,3.72793874565633,54.7519394882833,1.19930704037114,4.7006995041692,0.00810452682392013,0.0430277236292531,0.00107088846450666,6.03310985956879,2.08973493883292,0.28427705879576,3.62592288178127,0.139523644398723,1.53398867324816,0.0557098215203065,0.0936119913858384,0.32983673599164,0.151303361972627,0.111560425539867,0.257128985800008,0.246322970962776,0.983079622647063,0.081832191112982,0.370557951500175,0.181979301008933,0.364595133119336,0.768083385874092,7.40376867133952,0.0696575230856372,1.26317548637489,0.837304757502645
2022-06-12,554448,556068.50167794,557697,598269,48.8317554412484,3.44993855898736,54.6732189634246,1.22571438028265,4.18091497641995,0.00937381757042326,0.0450525125967705,0.00162226547896784,5.87769715188492,2.10216642218967,0.396003261194545,3.55987166930911,0.136063171805129,1.6105769291963,0.0479001933668071,0.0799283629902518,0.251202776509964,0.0963887896122714,0.11190517883835,0.312679752266867,0.305171355419065,0.815042297810035,0.0930972880898731,0.455903341040144,0.165603597225869,0.545482082748704,0.701725875417353,7.45920828267736,0.0761612890664279,1.0474989574936,0.865131153365793
2022-06-19,974130,976508.489763301,978713,580804,47.2330540155492,3.62408283144846,56.6010285661303,1.18471520862672,4.34437583540193,0.00922445414691374,0.0357028303949448,0.00445565272119309,6.10940501356019,2.1176577438624,0.417820745653439,3.49206649976711,0.229742323034488,1.58238021017135,0.00845614458886375,0.0974790515704892,0.226908923783145,0.0710535063552646,0.122309995576745,0.331231345811273,0.239952400212584,0.85617467050537,0.105019911815046,0.466235006801764,0.170871885530792,0.592606867679405,0.714501859472231,7.00668420864526,0.0950536817623501,1.19468142493751,1.03053949490457
2022-06-26,333597,334922.248874917,336191,567252,47.2591766026834,3.65276313620091,56.3187355565196,1.41838069587868,3.8503269231058,0.0113421344259162,0.0298019458277013,0.0125272293164938,6.07908941389939,2.1212789181616,0.297737224587974,3.54090835860674,0.256161936920087,1.58016538710446,0.0287711898292303,0.102249598751069,0.293588448385226,0.0627378608006646,0.117940563514865,0.308098368788556,0.279101250737576,0.916390397142493,0.130423605100775,0.400654592003946,0.192825237966965,0.475810349425182,0.799843322008594,6.78619824346279,0.111136002522191,1.42887642195647,0.869530078407752
2022-07-03,473391,474880.789844714,476482,564900,47.8955149856488,3.57435356762032,54.9191016576698,1.35695833677186,3.78341472146111,0.0133948151763247,0.0637551407020346,0.00255338932539063,6.17050625601613,2.60243530940136,0.270133272953561,3.49780204593246,0.206110008371686,1.61853745727642,0.0317887976858157,0.256924400395439,0.333668357818622,0.0510114838622793,0.0645200726693413,0.398024307698594,0.238731663948595,0.943363934708279,0.142214844837193,0.380742074812057,0.126934327886515,0.37144494192935,0.688490826315248,6.91010535863439,0.041361157827979,1.29353584399507,0.693965863577156
2022-07-10,289750,290865.883369577,291975,657272,47.4099879675395,3.79946130462962,55.0093649681256,1.31757566690957,3.64074931133375,0.0106594740868564,0.0705727975063376,0.00301902297982066,6.07028269808673,2.78927121005922,0.321963251223025,3.52894228972758,0.19596251921522,1.72924578851613,0.0486273403131106,0.212921674247962,0.293164904424211,0.0754751247604328,0.0605424670794989,0.27903844191613,0.2131388653078,0.927824219633213,0.0842847136224079,0.463227517652922,0.111107779570743,0.346289538503316,0.765449588757224,7.08564281328863,0.0653612540000997,1.39668230151759,0.865328389804931
2022-07-17,944601,946910.427191922,949329,714938,46.437822362681,4.08338678131036,54.4348840812179,1.13773995642003,4.25727857704284,0.0110298421165885,0.0476440584329548,0.0025332525973884,6.16073680133242,2.89332228793091,0.374532198946529,3.52887161322146,0.161095043421749,1.52947034621263,0.0173367547853827,0.137908102771523,0.268859382557427,0.10729717916215,0.0814982350935641,0.393010343647051,0.250274951564987,0.979268648004936,0.161521510117191,0.446534121145054,0.195620304400227,0.353440718093651,0.776033435514501,7.01511071192128,0.0623289774587405,1.20142900949642,0.838294941906834
2022-07-24,481851,483360.404058415,484847,741356,47.2261360435348,3.75139307078112,54.202346905645,1.60613896934051,3.98545434898481,0.0139485450783273,0.118280649735594,0.00112764771484519,5.96986792607104,2.55644148327279,0.35032141259982,3.5469918871159,0.116926438466279,1.49607018314382,0.0151790519693812,0.163014525526547,0.245359203659745,0.0751372962669103,0.121830475449217,0.239072550736361,0.321504318877254,0.888124992271078,0.132326637860305,0.358387515332764,0.176461696447621,0.368514524429931,0.93514951813796,7.22515987548264,0.0961955844723496,1.2528059791982,0.866416352071866
2022-07-31,232063,233076.286301583,234077,735560,48.4471628734802,3.88856925563251,53.2017057924413,1.13749425459739,4.05707272113231,0.0097905339964871,0.0767882245632129,0.00185854849268847,5.98784359833135,2.91755110898923,0.297316993073839,3.31758180602296,0.137095009078082,1.40753011347865,0.00954098228140417,0.225224634860238,0.299770794311509,0.0679450296692844,0.0914014032724602,0.19611968773319,0.250012521788463,1.00281743052273,0.111134344764202,0.399497748073564,0.209713227997991,0.465069921436427,0.668320715748859,7.34411862779396,0.0790071868406054,1.21684513974086,0.850271910595538
2022-08-07,1058820,1061143.49907433,1063659,669284,48.2170382994553,4.00011853054999,56.2255548712321,1.08655605957602,4.15079212242702,0.00766839022913146,0.0594736397743788,0.00143329142144571,5.84342626435366,3.21047535632481,0.35911511100774,3.66045802605877,0.157540676227622,1.41111221581666,0.0169214634723678,0.256705976666504,0.22621564856894,0.0859283598718977,0.0743665261114115,0.186441574410272,0.177218166230082,0.872866358939415,0.105274782966905,0.38664429511607,0.202799406195916,0.535858438279691,0.741726034751617,7.43417891461646,0.0342085424808423,1.15241562227735,0.76494417558752
2022-08-14,342766,344029.417420647,345250,634809,48.5999358837313,3.83628246065897,54.4197430151883,1.27638009891709,3.7360502361614,0.00838938199925524,0.0445447563682324,0.00056824046155332,6.15507637366385,2.73121797888521,0.437027112103025,3.34796415579261,0.164575779975156,1.57007288505175,0.0230707508307978,0.119769000377484,0.277508618888792,0.093087509601384,0.111805502078764,0.251311072413105,0.242222767744567,0.838883311825413,0.13531949773538,0.454081800797471,0.243726155313659,0.464615062711027,0.691838573403694,7.05722286744603,0.0382542381312172,1.24073413818455,0.860501873643056
2022-08-21,272013,273136.694333864,274263,604044,46.6198946070471,3.68336905775053,53.3519734611364,1.34510083604962,3.62230673636687,0.0119701859237675,0.0655916135758654,0.00065877366377118,5.94033682658425,2.51883100735663,0.503945516726047,3.4324273945399,0.148710907360696,1.54266473154713,0.0284249264786245,0.163724256841978,0.318783607298747,0.0507178237935707,0.112296141895206,0.333696243755933,0.310785305224458,1.00228087564015,0.145250010543406,0.371128333345743,0.169746221084564,0.295204197102274,0.79173810115253,6.95615544136468,0.0434003667272709,1.28521892579324,0.850365125409979
2022-08-28,423041,424500.195039712,425964,517580,49.1103895004611,3.64091352912251,54.7735620472863,0.962315243869173,3.81651957665574,0.00783008208316547,0.0425465677664013,0.0002611953621767,5.87916237755644,3.18603186973458,0.403210339019184,3.46632053793355,0.200358640798128,1.55220070554168,0.0501006493691393,0.187422988514716,0.267481211196736,0.109746053917811,0.159514076286061,0.28514564664042,0.293494034566024,0.880145124540162,0.0948402913069525,0.37480032860896,0.224504674969901,0.382511724771197,0.763914979761854,7.5497538586372,0.0688074145134252,1.54274948330891,0.733128104457469
2022-09-04,399142,400562.261772688,401970,379316,48.4368443810474,4.04173869520785,55.661316553356,0.973797341813382,3.9686123276958,0.0366046722803617,0.0703541046779918,0.00051922246990593,6.04444556822371,2.5233415438668,0.335511595470637,3.40185914941116,0.19776565263186,1.53790809858224,0.0520145239477901,0.338321062489909,0.324721792984435,0.100809132257093,0.119179232345457,0.253981107749032,0.220705860133426,0.907352404738027,0.125300288422963,0.440146911732699,0.180624667971795,0.437160091799389,0.833551384494709,7.45760364594871,0.0844459150581239,1.5480916479856,0.681530743854888
2022-09-11,461077,462583.981177096,464050,291522,47.9029274349855,3.80732279507647,54.0926017821623,1.06323651002534,4.73321127130382,0.0133934833363154,0.0568686329863381,0.00110159343076942,6.05309604554948,2.23552139673571,0.349899703540066,3.43133596988442,0.266876584582761,1.57185996712633,0.0563559091406808,0.136221162267533,0.260586125122097,0.0834946532927661,0.0791076864337913,0.270424606065141,0.350324603203457,0.880304538476481,0.146557663045582,0.417206366930606,0.164482871782537,0.288189717761084,0.844346331224343,7.36594007169909,0.0435886485760798,1.22898893377873,0.761044843383258
2022-09-18,575732,577449.22474553,579139,231854,47.8540997983141,3.78899586011395,53.5996282272474,1.20478085786339,4.07827435288824,0.00819191902016453,0.20370461678826,0.00117903178531047,5.81490921316396,2.81082000098395,0.397446823136014,3.64021001913349,0.145124614340806,1.49725834206516,0.0153978949935816,0.130721648695822,0.282137336279971,0.0807930980496684,0.0925469806993115,0.277616082431797,0.273776792584024,0.884930544686407,0.147150075648367,0.390189854638734,0.244116820451563,0.458252143629009,0.777174936447116,7.51348203828739,0.0593563792138485,1.3071005346298,0.83893730229997
2022-09-25,324558,325747.908506077,326882,169876,48.8350567203316,3.92607174889224,55.4917495241545,1.29516820476839,3.82829726243501,0.00830177028798392,0.0298153627528637,0.00060443206620899,6.22876063451751,2.04032660927331,0.478973199598516,3.50703865315321,0.23499815700131,1.57698201256876,0.0272053352993355,0.130799410410208,0.265578367152808,0.0853749646792881,0.0864575106481856,0.233863755382032,0.251014262666373,0.889374140200407,0.108596522956376,0.384551179692328,0.156064189729273,0.451669261528661,0.785817506041676,7.21753880073702,0.0597168595975643,1.22316250797476,0.948050383547652
2022-10-02,170147,171036.303920779,171903,138887,49.7584906866398,3.71058153946961,53.6624037675018,1.15044709927679,3.90570341890972,0.0106590907836577,0.0485228291772328,0.00120352493034567,5.71627477591377,3.17956356741623,0.272884879806416,3.31834419488396,0.270171973627835,1.45121764839385,0.0424795349542959,0.340209074343756,0.21061454826726,0.0806163222976646,0.121016970799029,0.232447802968566,0.225281017586872,0.828261200346575,0.10454052368465,0.395380007679903,0.161699886634045,0.388149026117402,0.758238777895714,7.15668813486564,0.0432039754198644,1.34922589103988,0.756516861628732
2022-10-09,231837,232794.619986485,233728,119952,48.0851342795834,3.45681725409871,53.7271097944186,1.40595749231905,4.30663516548962,0.0119457750159275,0.0267273526902224,0.00125296631114353,5.802491789871,2.65502745085584,0.331770219663788,3.43075950327993,0.315941630583268,1.54706387379205,0.0199618058399864,0.194870982611939,0.251492246656643,0.0785928505282596,0.0905089643626208,0.292551146013211,0.246850545892065,0.966934842271271,0.138283143972064,0.324086652213744,0.224481755698696,0.412042674864857,0.803773235057137,7.23586498985049,0.0494560128958578,1.4108221400719,0.708559964310151
2022-10-16,365736,367036.698422108,368316,117614,49.454708074174,3.62417985050758,54.8324015793298,1.11021912919,4.27474251395536,0.010389036597979,0.0341844315442173,0.00032806584510787,5.64204189541866,3.15387260315497,0.314564028680265,3.57354598220012,0.238164352425778,1.41007185486761,0.0178575454432864,0.173029070469793,0.278358206525219,0.0659282255614394,0.113201392277375,0.287146395918872,0.185766824719862,1.0416774608494,0.174011982689945,0.298256486166109,0.216308711028896,0.348376655867555,0.777361177690597,7.44197371035807,0.0445032459255493,1.40248821740477,0.678047410952934
2022-10-23,461990,463448.275190976,464959,111636,48.7437124138489,3.76562930687297,56.8105938373922,1.7102078332568,3.92811772230828,0.00722923180320099,0.0549913043556463,0.00043939820022497,5.97466970654785,2.29267915218694,0.40504061247978,3.40149404511145,0.228996463832688,1.69266066110963,0.0239007019027247,0.0991359132420752,0.244517686995962,0.0616606737180537,0.0870593666541885,0.231141731186455,0.209183168638539,1.11542283008723,0.143778476651862,0.495449068789799,0.300776228165447,0.408749199006669,0.740266747720074,7.31313434847178,0.0416217319816437,1.29410341414732,0.843591835845219
2022-10-30,97630,98221.7634045232,98871,113589,47.7100106292281,3.77395777596377,54.6016211531347,1.27071560138915,4.06598154267881,0.0117329428183047,0.0429793450382257,0.00357850004987177,5.88749268399058,1.78827326220794,0.38877089889649,3.39879934228479,0.138894510982575,1.59112048056376,0.0143590421725422,0.15454550979682,0.25133559535966,0.0829277804505939,0.109115598582157,0.181302194017302,0.282074228974417,1.0048547662473,0.162734600388903,0.470402325415285,0.183262386170218,0.324715407965992,0.749852297851069,7.17320067591522,0.0496263467571311,1.31539227436626,0.839697598002116
2022-11-06,95729,96373.3609742947,97022,123655,47.0479588670739,3.82429248544785,53.8327649963341,1.14247516165294,4.16236118344304,0.00874994511311301,0.0956661867690429,0.00122402386222377,5.67520066966981,2.52878530313915,0.381950891949579,3.22006238296701,0.161469957876912,1.49935656505436,0.0115640265001477,0.359086234428365,0.238104461513173,0.0726509530527148,0.0990733180743562,0.1947658328122,0.19905913347451,0.985955457441527,0.0898961099708536,0.366368129736837,0.263563242129772,0.35417345957514,0.739759206448596,7.30148202737035,0.0403863702743349,1.13751690865352,0.778682029551049
2022-11-13,29063,29398.2070974591,29741,116984,47.191823566349,3.96188104656519,52.9049441708671,1.18538466161244,4.32703375357094,0.00928668526446969,0.0565357082444847,0.00145293770812297,5.61392753207976,2.40626330118397,0.406488894360157,3.11608435160579,0.154811844027638,1.36056028369502,0.0105361210427532,0.150455278311031,0.319554267961527,0.0861084842844268,0.0843832933841962,0.215515917890568,0.190551695168497,1.07253987394157,0.134529074074376,0.399353667591879,0.161663020076133,0.314425494571985,0.667085898302578,7.3059469864625,0.0578572688003936,1.31471141782238,0.756651988050355
2022-11-20,37530,37915.9794622009,38302,118482,48.0592289094771,3.88367382008011,50.3539645258418,1.40338446508885,4.03909128651901,0.0101225453130586,0.0297894012720704,0.00858639461488796,5.61250268203538,3.11646388872052,0.394806103673888,3.50425026358721,0.155775066901124,1.31379293514332,0.0278985049222718,0.118922024044616,0.232564539031682,0.0860570282718171,0.103428503483086,0.389242008047253,0.202118916441587,0.899165084162476,0.139588219887623,0.348242931261236,0.139629603318094,0.462415260257704,0.712120110843617,7.66991367956541,0.119037269579231,1.39020976800726,0.734198348631435
2022-11-27,329997,331205.66688481,332422,160902,47.843914176339,3.93024953804007,52.7605254230502,1.24000856009183,3.94283788762946,0.0249761999956958,0.0220844571131446,0.00234328153299221,5.86405146884358,2.60162870638264,0.279022631919813,3.28836584446246,0.24867350398011,1.35045083069152,0.0398502816708344,0.23194559443637,0.242551760614445,0.0613488728194416,0.189241713250887,0.246178962868495,0.292629812248305,0.986680583738809,0.101652120438326,0.367281718779355,0.2286268397915,0.367097948818369,0.792218239260845,7.56808222086305,0.0449632204869918,1.3651609818687,0.794623397126229
2022-12-04,256531,257571.490042865,258622,221382,48.746359312482,3.67650971817787,53.3275559102022,1.15692487844441,3.80032901887005,0.0200480072309578,0.0688946616979352,0.00263030037851567,5.84874813578121,2.24368257240514,0.388768688189205,3.36281407314482,0.229753279186181,1.49419339771532,0.0266010103438389,0.202069516735706,0.422344263291795,0.0867444971353746,0.12002347725768,0.275991439678108,0.301827266224056,1.12815380324871,0.0864375277646818,0.311831985415139,0.152179779597659,0.353932148870355,0.67645407788844,7.3119499598741,0.0584562483020084,1.19658332663463,0.783942210283659
2022-12-11,286521,287716.735667385,288903,366464,49.5830503895209,3.7791652633364,52.0085656368872,1.29295213487343,4.20424338512005,0.0143065909244473,0.0450934084369963,0.00128391771265607,6.12944086182235,1.93360317520067,0.492506285196007,3.3329656192395,0.272693579258862,1.41635377714298,0.0266412688233876,0.169710965795029,0.205377409798052,0.0838008711414118,0.100434373126111,0.290925811532716,0.390068387749297,1.01906118020547,0.108957811281114,0.385348972774424,0.177267742247206,0.380663325163524,0.808089267555139,7.36850875675803,0.0432051102158007,1.17004574448203,0.851420431300504
2022-12-18,586646,588384.906194754,590110,329217,48.5955835745388,3.7166414812252,54.5868315449089,1.36431973400206,4.05096659038556,0.0143522872207712,0.0449594361285827,0.00344241079867309,5.91102240262554,2.71758337258354,0.359246855921683,3.4744656528507,0.457996808304645,1.35673349116857,0.0740808824372784,0.192390882575674,0.238353913873974,0.0774018485960439,0.1022141178935,0.240338834853449,0.257302450679291,1.01052470071102,0.188030736231957,0.362713140354767,0.177356534285923,0.525679263409176,0.795218890147154,7.41084004611209,0.0675898633354949,1.11939986323948,0.790705625357425
2022-12-25,962902,965380.907295027,967795,326046,47.5391174523386,3.69237951969231,56.8335987917429,1.07448078444356,4.41296687211636,0.0078003569545297,0.0464553289228514,0.0018034754424454,5.78392129513601,2.1446808357785,0.447986653333381,3.42616623931474,0.547981148637065,1.48371652523083,0.0196808614630039,0.188586562115504,0.31959631477794,0.0559374656757411,0.0662453245679828,0.152359494039633,0.248086263146992,0.954179799705337,0.105434595090235,0.391494265353199,0.151884369084559,0.755377403230261,0.80871640124691,7.20416977896203,0.0228698270935259,1.32635811984461,0.777309467119936
2023-01-01,70371,70906.0959106609,71469,361060,47.0050765307305,3.62231687741525,53.0182734973715,1.26607632283368,4.19559338810019,0.00709223852036472,0.0718447385510074,0.00123267822054957,5.78420799078572,2.49391566561768,0.51717495679067,3.41690797853359,0.165118213978397,1.48209759865897,0.0113301529111564,0.128400891610528,0.331860971193765,0.0741266225300019,0.0740389263250866,0.265311291647034,0.223457745113727,0.997914464332911,0.18916346614314,0.352799730153781,0.157065555565429,0.407306015663794,0.792172621802624,7.01504360802237,0.0757240517209327,1.37969695834021,0.726526774109281
2023-01-08,662500,664324.169818765,666197,366100,49.1382622473783,3.65154556676643,52.4088156736244,1.24076336721361,4.30934812673548,0.00991485365835212,0.0514548008506166,0.000603634028639,6.09792119156489,3.23620673171433,0.393306860504477,3.52022676012676,0.163227613921755,1.49681380296568,0.0180481644635396,0.129847942217758,0.346832945891834,0.0980512081752286,0.0913235473326312,0.329945992250935,0.299888019741595,0.898378206256343,0.130840357197521,0.328342216257651,0.21413287593907,0.334502726590754,0.720477922231157,7.01822203820448,0.0539548681656453,1.29694286980004,0.772348864992258
2023-01-15,506720,508177.136276204,509647,273819,47.7907506261795,3.76749922594372,52.684456337175,1.39801330062005,4.36197242576043,0.0137293120995621,0.0493008406009419,0.00167802482282347,5.93117458160689,2.63217478848623,0.285486177027108,3.49269819178064,0.151622526592918,1.51346377070349,0.0411322960580677,0.161110137415373,0.280138728325026,0.0809391453120336,0.109890324500444,0.377839185120294,0.297474076995788,0.846287023039009,0.110357624535098,0.421835264016508,0.126786075502154,0.365233937023814,0.822015509051288,7.39204183897507,0.0471648649959318,1.40407559834972,0.749913159588158
2023-01-22,164951,165788.582964836,166637,214074,47.9404741420723,3.89804171707872,53.5544226097806,1.16730487653915,3.81186056291062,0.00979841148530053,0.0420661582410523,0.00107871241288117,6.00322263945695,2.73192317323002,0.277861079894684,3.50704015634304,0.157480323583378,1.31759589711807,0.0340034435455714,0.184757994434187,0.205521982367924,0.073096613677308,0.0858017525110688,0.210431757201366,0.259999629344779,0.933702467668936,0.0833978591242126,0.458154237639069,0.131900396977048,0.311197586369805,0.797154413230338,7.22450870089606,0.050678872202569,1.40602464467696,0.675103513292719
2023-01-29,281911,283021.321278869,284094,196693,47.9658901184458,3.7954754295766,54.3618344741313,0.99129284484103,4.21400448228439,0.0110399284154699,0.0861664720513963,0.00084791599201841,6.15342156399243,2.13919893788016,0.330580793733453,3.50237771940664,0.13561758150541,1.44427867775382,0.0395086343840753,0.188384995233363,0.235839698861219,0.0900625741995678,0.0812883254869807,0.219934392594728,0.286396152991196,0.879319233880422,0.100392234588934,0.466123490653462,0.117780344998289,0.317924676072077,0.736793337457953,7.1106854623445,0.0519962644146446,1.12205416468114,0.747974352371109
2023-02-05,342365,343639.892671049,344919,182028,48.2964808590407,3.89361763324439,54.4172301273354,1.25865934571901,4.03930853602181,0.0112046958957336,0.132100581275959,0.00252889486919291,6.09460983202136,2.29475620156703,0.405483480857516,3.39987697841978,0.199005312399116,1.44724126511248,0.0928626288263186,0.179932901708386,0.315355935708083,0.103225997436368,0.0795711864586249,0.251565388986418,0.27972613344904,0.871621198247617,0.123528564156914,0.450762661226242,0.190752180130605,0.326521160588095,0.715905979966941,7.18556397144761,0.0676756364051707,0.845734170963347,0.749905447132791
2023-02-12,94597,95196.048193577,95794,171815,47.7571413994491,3.80316890722283,53.6837476349168,1.49887793521739,4.03358892783436,0.0131178269070238,0.151843601458303,0.00231287789604284,5.86249702012739,2.29532088593404,0.431885702938641,3.41075248621789,0.12524398291126,1.48197214349754,0.0395379977030484,0.112034257752166,0.294502672831292,0.0919995244280279,0.075212077540244,0.225988827003305,0.201034606315663,0.864375526603282,0.120798529732168,0.411051172008057,0.230452930265829,0.281403218858944,0.718718053403637,6.99741373435249,0.0497147690182375,1.09764539647086,0.739274940193882
2023-02-19,154005,154819.513076297,155617,291928,49.3629216681106,3.64768622402212,51.2100226923732,1.37921176928303,4.2110862429975,0.00856934089643389,0.163605752891589,0.0007414611597818,5.60431634107214,2.98564503166163,0.334618470170843,3.48017954850677,0.116389712725579,1.40983516915777,0.0340089387198744,0.155361544724012,0.204876148706727,0.0592732497076908,0.102107148378237,0.221326620376338,0.202766939566799,0.983241342242959,0.128893460898351,0.41516615279686,0.231866225020527,0.342493930934731,0.744189487100241,7.22488452878855,0.0346631911290955,1.07401520407605,0.705581845101427
2023-02-26,283848,284966.999320996,286021,226380,49.6819501051052,3.85748616217273,53.0021728751553,1.25429229881309,4.1557104870093,0.0200541372067182,0.0935791859191082,0.00121170961710567,6.00323307470784,2.5019760029989,0.314007212258578,3.40571430338397,0.172770928067322,1.43638460073953,0.0250970334844233,0.245222867089066,0.219244915728575,0.0796833421413793,0.112016534822154,0.251613741064268,0.220322999538895,0.866477410415948,0.088392152001344,0.421806890374123,0.144107945175358,0.330929763938678,0.844549591862912,7.3118102910536,0.0443104109010037,1.09252576305034,0.790280255469138
2023-03-05,322334,323516.582414861,324643,0,48.6292149531205,3.86297987491983,55.1123857332061,1.3902484283739,4.30765270817324,0.0184821508257559,0.0462931066962285,0.00131520342840905,6.031526812002,2.12966074220138,0.448095501112147,3.46893266096655,0.168009427785219,1.61539995417833,0.0351325374626412,0.19366179056672,0.307972843699892,0.110432695851985,0.0829365837477043,0.185124946575584,0.200880815954832,1.0019594022466,0.0933810914705158,0.377974455214392,0.169553840132119,0.303250689005675,0.843980307959636,7.32373543940434,0.0435356560216456,1.10700759651941,0.795336707068397
