Date,MSA_Title,City,Daily_Cases,mean_illness,illness7,illness14,illness21,R2,Forecast_Lwr,Forecast,Forecast_Upr
2020-06-30,"Atlanta-Sandy Springs-Roswell, GA MSA",Atlanta,1730,0.376986031988911,0.360950895446867,0.178191691676166,0.155234044653333,0.883423269205282,700.888604298528,852.428201027433,1003.96779775634
2020-07-01,"Atlanta-Sandy Springs-Roswell, GA MSA",Atlanta,1350,0.417927709664805,0.370778848537224,0.198579025894363,0.150309002573817,0.883423269205282,713.049914974871,866.279189496083,1019.50846401729
2020-07-02,"Atlanta-Sandy Springs-Roswell, GA MSA",Atlanta,1318,0.424713472227895,0.374006861940887,0.221930152609589,0.149217448623788,0.883423269205282,709.665999471171,865.16066518446,1020.65533089775
2020-07-03,"Atlanta-Sandy Springs-Roswell, GA MSA",Atlanta,1810,0.385311422606711,0.373025508621724,0.251646207295645,0.148021120916332,0.883423269205282,695.039909676173,855.576156363858,1016.11240305154
2020-07-04,"Atlanta-Sandy Springs-Roswell, GA MSA",Atlanta,1873,0.37151526752764,0.361479224102049,0.288638043147023,0.147411430956735,0.883423269205282,655.854094651781,826.615607999974,997.377121348167
2020-07-05,"Atlanta-Sandy Springs-Roswell, GA MSA",Atlanta,948,0.345636674340157,0.358595503292889,0.318117204325238,0.152357673389801,0.883423269205282,627.819630083802,808.179298587747,988.538967091693
2020-07-06,"Atlanta-Sandy Springs-Roswell, GA MSA",Atlanta,891,0.372433421239032,0.355483179536759,0.344233857408476,0.162980342297985,0.883423269205282,596.904953283367,784.93313597126,972.961318659153
2020-07-07,"Atlanta-Sandy Springs-Roswell, GA MSA",Atlanta,1201,0.364289322479296,0.357050099299717,0.360950895446867,0.178191691676166,0.715946447343307,549.443245640079,842.733647683584,1136.02404972709
2020-07-08,"Atlanta-Sandy Springs-Roswell, GA MSA",Atlanta,1464,0.330317606225227,0.366347113095184,0.370778848537224,0.198579025894363,0.715946447343307,519.601308504551,809.318629522053,1099.03595053956
2020-07-09,"Atlanta-Sandy Springs-Roswell, GA MSA",Atlanta,1010,0.333148400307989,0.377992874281884,0.374006861940887,0.221930152609589,0.715946447343307,481.85364413533,762.896542000706,1043.93943986608
2020-07-10,"Atlanta-Sandy Springs-Roswell, GA MSA",Atlanta,2323,0.350678648863419,0.38280720355381,0.373025508621724,0.251646207295645,0.715946447343307,430.77257104447,698.655202375006,966.537833705542
2020-07-11,"Atlanta-Sandy Springs-Roswell, GA MSA",Atlanta,1545,0.344819278253377,0.38888904288649,0.361479224102049,0.288638043147023,0.715946447343307,359.87986520703,608.204899693819,856.529934180608
2020-07-12,"Atlanta-Sandy Springs-Roswell, GA MSA",Atlanta,1009,0.323846544311543,0.384655389286594,0.358595503292889,0.318117204325238,0.715946447343307,304.319165916924,542.536773898403,780.754381879882
2020-07-13,"Atlanta-Sandy Springs-Roswell, GA MSA",Atlanta,2011,0.340839813959828,0.384931999942164,0.355483179536759,0.344233857408476,0.715946447343307,253.022418010714,483.793096347579,714.563774684444
2020-07-14,"Atlanta-Sandy Springs-Roswell, GA MSA",Atlanta,1152,0.342440123323285,0.383118184297934,0.357050099299717,0.360950895446867,0.67040068197112,133.230045024728,363.590485184353,593.950925343977
2020-07-15,"Atlanta-Sandy Springs-Roswell, GA MSA",Atlanta,1652,0.353228794161299,0.370602455235137,0.366347113095184,0.370778848537224,0.67040068197112,118.703252007465,349.547535762769,580.391819518073
2020-07-16,"Atlanta-Sandy Springs-Roswell, GA MSA",Atlanta,1544,0.349620111210379,0.35752173067515,0.377992874281884,0.374006861940887,0.67040068197112,113.918042563124,344.93509728824,575.952152013355
2020-07-17,"Atlanta-Sandy Springs-Roswell, GA MSA",Atlanta,1876,0.345205817664458,0.352574191568966,0.38280720355381,0.373025508621724,0.67040068197112,115.37352411053,346.337331802283,577.301139494037
2020-07-18,"Atlanta-Sandy Springs-Roswell, GA MSA",Atlanta,1859,0.330018859452238,0.3487604788155,0.38888904288649,0.361479224102049,0.67040068197112,132.450736485918,362.835567805885,593.220399125851
2020-07-19,"Atlanta-Sandy Springs-Roswell, GA MSA",Atlanta,1215,0.336092761876386,0.345647603097126,0.384655389286594,0.358595503292889,0.67040068197112,136.702110403816,366.956054045154,597.209997686492
2020-07-20,"Atlanta-Sandy Springs-Roswell, GA MSA",Atlanta,934,0.297009003372985,0.341134230628668,0.384931999942164,0.355483179536759,0.67040068197112,141.284334092675,371.403186086699,601.522038080724
2020-07-21,"Atlanta-Sandy Springs-Roswell, GA MSA",Atlanta,1613,0.310030074802496,0.338012916463524,0.383118184297934,0.357050099299717,0.67040068197112,138.978185141051,369.164248357082,599.350311573112
