Date,City,MSA_Code,Daily_Cases7,R2_7,R2_14,R2_21,Lower_Limit7,Point_Prediction7,Upper_Limit7,Lower_Limit14,Point_Prediction14,Upper_Limit14,Lower_Limit21,Point_Prediction21,Upper_Limit21
2021-04-03,Atlanta,C1206,906.71,0.546829205896772,0.566493730381596,0.572670383711557,737.20370552063,854.874353186817,972.545000853003,750.078426824307,853.798584000277,957.518741176247,746.354211147052,848.072684478988,949.791157810924
2021-04-04,Atlanta,C1206,912.43,0.546829205896772,0.566493730381596,0.572670383711557,758.411786853099,872.038953300545,985.666119747991,767.736829772414,871.166880283763,974.596930795113,763.331968654984,864.312713283223,965.293457911462
2021-04-05,Atlanta,C1206,865.29,0.546829205896772,0.566493730381596,0.572670383711557,777.413249348148,887.863773935864,998.31429852358,783.645221621545,887.213386028376,990.781550435207,778.635267835241,879.21942252174,979.803577208239
2021-04-06,Atlanta,C1206,880.57,0.546829205896772,0.566493730381596,0.572670383711557,791.327450778254,899.850554251594,1008.37365772493,795.291205042931,899.43342660977,1003.57564817661,789.695859971036,890.16183919275,990.627818414463
2021-04-07,Atlanta,C1206,858.29,0.546829205896772,0.566493730381596,0.572670383711557,802.176149010746,910.080259572756,1017.98437013477,804.914650589699,909.915214142465,1014.91577769523,798.799088521836,899.278916107967,999.758743694098
2021-04-08,Atlanta,C1206,858.86,0.546829205896772,0.566493730381596,0.572670383711557,814.582230095247,923.102440646137,1031.62265119703,817.381190004053,923.18556103281,1028.98993206157,810.971513595717,911.632898014997,1012.29428243428
2021-04-09,Atlanta,C1206,851.14,0.546829205896772,0.566493730381596,0.572670383711557,824.459588258799,933.886903540843,1043.31421882289,828.154784031927,934.162978826307,1040.17117362069,821.781537269829,922.766229599297,1023.75092192876
2021-04-13,Atlanta,C1206,978.29,0.546829205896772,0.566493730381596,0.572670383711557,830.855327043346,941.251288158412,1051.64724927348,835.767453317347,941.678940959344,1047.59042860134,829.581735710771,930.897385111596,1032.21303451242
2021-04-14,Atlanta,C1206,994.71,0.546829205896772,0.566493730381596,0.572670383711557,836.991901662176,945.987173337671,1054.98244501317,841.837900179628,946.408997382353,1050.98009458508,836.926549738651,938.630440084291,1040.33433042993
2021-04-15,Atlanta,C1206,1000.86,0.546829205896772,0.566493730381596,0.572670383711557,842.78462253994,950.689649861579,1058.59467718322,847.268043204864,951.072656491966,1054.87726977907,844.316375135727,946.487237299001,1048.65809946228
2021-04-16,Atlanta,C1206,1018.29,0.546829205896772,0.566493730381596,0.572670383711557,848.941236879663,956.490231295406,1064.03922571115,852.991726374491,956.820920980982,1060.65011558747,852.673381501161,955.466126263625,1058.25887102609
2021-04-17,Atlanta,C1206,1020,0.546829205896772,0.566493730381596,0.572670383711557,854.982875151688,962.838165368598,1070.69345558551,858.386647577861,963.070874178211,1067.75510077856,861.568090454693,965.133742769899,1068.69939508511
2021-04-18,Atlanta,C1206,992.43,0.546829205896772,0.566493730381596,0.572670383711557,856.99049733288,965.812842462281,1074.63518759168,859.862319055089,965.918885084348,1071.97545111361,867.312961864764,971.439372048899,1075.56578223303
2021-04-19,Atlanta,C1206,977.86,0.546829205896772,0.566493730381596,0.572670383711557,851.990004632091,961.74567553759,1071.50134644309,854.64795919641,961.718962365,1068.78996553359,865.979753327224,969.971698957169,1073.96364458711
2021-04-20,Atlanta,C1206,906.71,0.546829205896772,0.566493730381596,0.572670383711557,844.215272356967,955.022726855632,1065.8301813543,847.002193651534,954.864855089696,1062.72751652786,861.673053077814,965.248515779932,1068.82397848205
2021-04-21,Atlanta,C1206,859.29,0.546829205896772,0.566493730381596,0.572670383711557,823.289072825681,932.844094048877,1042.39911527207,826.238979048356,932.617498540997,1038.99601803364,841.182726438134,943.146136706024,1045.10954697391
2021-04-22,Atlanta,C1206,864.14,0.546829205896772,0.566493730381596,0.572670383711557,801.146996794773,909.662357249605,1018.17771770444,804.244382955626,909.393002847531,1014.54162273944,818.776041848363,919.655225366811,1020.53440888526
2021-04-23,Atlanta,C1206,884.29,0.546829205896772,0.566493730381596,0.572670383711557,778.348873572297,886.287672711165,994.226471850032,781.513607493723,886.001315781888,990.489024070053,795.39515937661,895.857817934163,996.320476491717
2021-04-24,Atlanta,C1206,860,0.546829205896772,0.566493730381596,0.572670383711557,754.624899310935,862.012921417008,969.400943523081,757.546185395735,861.782413214969,966.018641034204,769.899305534821,870.677608130028,971.455910725235
2021-04-25,Atlanta,C1206,853.14,0.546829205896772,0.566493730381596,0.572670383711557,730.572403326678,837.951377566978,945.330351807278,733.224952594517,837.825251936796,942.425551279074,743.431232612607,845.306682454103,947.182132295599
2021-04-26,Atlanta,C1206,837.29,0.546829205896772,0.566493730381596,0.572670383711557,711.729674270404,819.651066097448,927.572457924492,714.38948577798,819.673105832933,924.956725887887,722.186545884372,825.450704021176,928.71486215798
2021-04-27,Atlanta,C1206,848.29,0.546829205896772,0.566493730381596,0.572670383711557,696.661090398745,805.865157043014,915.069223687283,699.931716855201,806.067759175298,912.203801495396,705.424258934473,810.071464348587,914.7186697627
2021-04-28,Atlanta,C1206,848.43,0.546829205896772,0.566493730381596,0.572670383711557,697.205338224934,806.810433652657,916.41552908038,701.255972329789,807.137221659041,913.018470988293,704.988548564432,809.674867421784,914.361186279135
2021-04-29,Atlanta,C1206,822.71,0.546829205896772,0.566493730381596,0.572670383711557,700.376895846291,810.509233029764,920.641570213237,705.47581387521,810.956419129685,916.437024384161,707.886911883006,812.315984843952,916.745057804899
2021-04-30,Atlanta,C1206,773.57,0.546829205896772,0.566493730381596,0.572670383711557,703.83368381968,814.905504244189,925.977324668697,710.400170951315,815.483840736048,920.567510520782,711.896073266222,815.9808413869,920.065609507578
2021-05-01,Atlanta,C1206,757,0.546829205896772,0.566493730381596,0.572670383711557,711.08550917817,822.555191627574,934.024874076978,718.82257766052,823.221047689148,927.619517717777,720.327942762831,823.733445873102,927.138948983374
