Variable,Average_ACF_positive,Average_Lag_positive,Average_ACF_negative,Average_Lag_negative
mean_Analytic,0.170728722433903,28.65,0.222610537500562,-34.35
mean_Social,-0.0221157979769894,17.15,-0.046933660849909,-9.45
mean_Tone,0.180733342655693,27.8,0.12815841174427,-24.15
mean_affiliation,0.095444116008567,15.7,0.0697085567707282,-3.75
mean_allnone,0.147371895941077,24.65,0.0866104440654114,-19.45
mean_cause,-0.00873051439212141,12.55,0.0116370247269549,-18.15
mean_certitude,0.0583808906161808,27.2,0.0417041187463792,-18.65
mean_cogproc,-0.0581980467882207,15.5,-0.0565289389500344,-14.15
mean_comm,-0.0502945471634361,29.7,-0.0933339622569147,-18.9
mean_conflict,-0.0660847637176373,22.65,-0.0445146859276627,-20.7
mean_death,-0.0107811298211105,17.2,-0.0392934824457392,-8.65
mean_differ,0.0363299646421549,16.35,0.00747899771403073,-10.25
mean_discrep,-0.0676413758091744,17.5,-0.0540904064964777,-21.75
mean_emo_anger,0.0164490013701388,21.7,0.0954678757686027,-27.05
mean_emo_anx,-0.0116131099970954,22.2,-0.0817402978182337,-10.5
mean_emo_neg,-0.00483543243983323,17.6,-0.0711432195101655,-7.7
mean_emo_pos,0.151857436449686,27.45,0.0841660187922096,-22.45
mean_emo_sad,0.121640048402861,15.5,0.0909344982626265,-8.2
mean_emotion,0.113946907235236,23.9,0.0240939535227622,-13.45
mean_family,0.220111956059118,16.35,0.167156232513228,-3.55
mean_fatigue,0.160167471464828,23.7,0.0857115855284369,-8.5
mean_female,0.0886408922608316,17.65,0.0350712840896321,-13.2
mean_friend,0.0362038670280874,27.1,0.0407136913536893,-25.5
mean_health,0.246083486188491,12.85,0.135287514816956,0
mean_i,0.0883804477498862,17.7,0.107030820565156,-24.85
mean_illness,0.264532155497676,13.35,0.144391698746012,0
mean_insight,-0.0557582254913953,15.15,-0.0639584251804448,-17
mean_ipron,-0.0371169818400363,22.6,-0.0178853128390078,-22.55
mean_lack,0.0442316314694176,11.3,0.0709539176100215,-11.6
mean_male,-0.00540816528636359,21.15,0.0236519638596902,-21.75
mean_mental,0.115092597478965,18.85,0.140366198790606,-11.25
mean_moral,0.0436152975271419,23.6,0.0559684448502666,-17.6
mean_need,0.00508756661647034,15.05,-0.0226344585297491,-11.05
mean_polite,0.0483118815735742,26,-0.0171628514020967,-21.1
mean_ppron,0.0283075729063528,17.75,-0.0372903708122959,-6.1
mean_pronoun,-0.0617415242561279,18.1,-0.0844245880019671,-13.55
mean_prosocial,0.0605751703468998,24.1,-0.00540427317801436,-13
mean_reward,0.0478137277471783,24.55,0.0723567790750622,-23.5
mean_risk,0.0838029800784027,20.45,0.00776631769200443,-9.4
mean_shehe,0.0265560417443941,18.85,0.00906656739601106,-14.85
mean_socbehav,-0.0215928297031742,28.95,-0.0358766421702453,-20.3
mean_socrefs,0.00518433665608829,8.65,-0.0276765879828713,-6.55
mean_tentat,-0.0542135969303275,17.9,-0.0791716922971999,-18.3
mean_they,0.0907719499435202,13.1,0.0969648519103014,-10.55
mean_tone_neg,-0.00448396456836812,16.25,-0.013084080579962,-13.4
mean_tone_pos,0.122796270172083,29.65,0.0462154513766616,-20.55
mean_want,0.0394234928127694,21.95,0.0227296107937367,-26.2
mean_we,0.0340550484375201,11.65,0.0219633809092751,-2.6
mean_wellness,0.060959001831315,16.7,0.0265574339363468,-13.05
mean_you,0.056889609161316,22.2,-0.0933209366658011,-16.3
